{
	"credit": "Made with Blockbench",
	"texture_size": [32, 32],
	"textures": {
		"0": "item/hgg_smp/events/2024_summer/swimcap_model",
		"particle": "item/hgg_smp/events/2024_summer/swimcap_model"
	},
	"elements": [
		{
			"from": [0, 0, 0],
			"to": [16, 6, 16],
			"faces": {
				"north": {"uv": [8, 0, 16, 3], "texture": "#0"},
				"east": {"uv": [8, 3, 16, 6], "texture": "#0"},
				"south": {"uv": [8, 6, 16, 9], "texture": "#0"},
				"west": {"uv": [8, 9, 16, 12], "texture": "#0"},
				"up": {"uv": [8, 8, 0, 0], "texture": "#0"},
				"down": {"uv": [8, 8, 0, 16], "texture": "#0"}
			}
		}
	],
	"display": {
		"thirdperson_righthand": {
			"rotation": [50, -45, 0],
			"translation": [0, 3.5, -1],
			"scale": [0.4, 0.4, 0.4]
		},
		"thirdperson_lefthand": {
			"rotation": [50, -45, 0],
			"translation": [0, 3.5, -1],
			"scale": [0.4, 0.4, 0.4]
		},
		"firstperson_righthand": {
			"rotation": [-6, 144, 0],
			"translation": [-3, 7.25, 1.5],
			"scale": [0.625, 0.625, 0.625]
		},
		"firstperson_lefthand": {
			"rotation": [-6, 144, 0],
			"translation": [-3, 7.25, 1.5],
			"scale": [0.625, 0.625, 0.625]
		},
		"ground": {
			"translation": [0, 2, 0],
			"scale": [0.4, 0.4, 0.4]
		},
		"gui": {
			"rotation": [20, 145, 0],
			"translation": [0, 2.5, 0],
			"scale": [0.6, 0.6, 0.6]
		},
		"head": {
			"translation": [0, 10, 0]
		},
		"fixed": {
			"rotation": [-90, 0, 0],
			"translation": [0, 0, -7]
		}
	}
}