{
	"minigames_select": {
         "sounds":[
             {
                 "name": "hgg_smp/2023_minigame_sounds/minigame_select",
                 "weight": 1
             } 
         ]
    },
	"minigames_beep": {
         "sounds":[
             {
                 "name": "hgg_smp/2023_minigame_sounds/minigame_beep",
                 "weight": 1
             } 
         ]
    },
	"minigames_beep_full": {
         "sounds":[
             {
                 "name": "hgg_smp/2023_minigame_sounds/minigame_beep_full",
                 "weight": 1
             } 
         ]
    },
	"minigames_beepswitch": {
         "sounds":[
             {
                 "name": "hgg_smp/2023_minigame_sounds/minigame_beepswitch",
                 "weight": 1
             } 
         ]
    },
	"minigames_bonusround_short": {
         "sounds":[
             {
                 "name": "hgg_smp/2023_minigame_sounds/minigame_bonusround_short",
                 "weight": 1
             } 
         ]
    },
	"minigames_winround": {
         "sounds":[
             {
                 "name": "hgg_smp/2023_minigame_sounds/minigame_winround",
                 "weight": 1
             } 
         ]
    },
	"minigames_gainpoint": {
         "sounds":[
             {
                 "name": "hgg_smp/2023_minigame_sounds/minigame_gainpoint",
                 "weight": 1
             } 
         ]
    },
	
	"craftware_minigame_boss": {
         "sounds":[
             {
                 "name": "hgg_smp/2023_minigame_sounds/craftware/craftware_minigame_boss",
                 "weight": 1
             } 
         ]
    },
	"craftware_minigame_clock": {
         "sounds":[
             {
                 "name": "hgg_smp/2023_minigame_sounds/craftware/craftware_minigame_clock_timed",
                 "weight": 1
             } 
         ]
    },
	"craftware_minigame_losegame": {
         "sounds":[
             {
                 "name": "hgg_smp/2023_minigame_sounds/craftware/craftware_minigame_losegame",
                 "weight": 1
             } 
         ]
    },
	"craftware_minigame_wingame": {
         "sounds":[
             {
                 "name": "hgg_smp/2023_minigame_sounds/craftware/craftware_minigame_wingame",
                 "weight": 1
             } 
         ]
    },
	"craftware_minigame_mapend": {
         "sounds":[
             {
                 "name": "hgg_smp/2023_minigame_sounds/craftware/craftware_minigame_mapend",
                 "weight": 1
             } 
         ]
    },
	"craftware_minigame_speedup": {
         "sounds":[
             {
                 "name": "hgg_smp/2023_minigame_sounds/craftware/craftware_minigame_speedup",
                 "weight": 1
             } 
         ]
    },
	"craftware_minigame_practicemode": {
         "sounds":[
             {
                 "name": "hgg_smp/2023_minigame_sounds/craftware/craftware_minigame_practicemode",
                 "weight": 1
             } 
         ]
    },

	"craftware_minigame_bonus_crygor": {
         "sounds":[
             {
                 "name": "hgg_smp/2023_minigame_sounds/craftware/bonus/craftware_minigame_bonus_crygor",
                 "weight": 1
             } 
         ]
    },
	"craftware_minigame_bonus_crygor_final": {
         "sounds":[
             {
                 "name": "hgg_smp/2023_minigame_sounds/craftware/bonus/craftware_minigame_bonus_crygor_final",
                 "weight": 1
             } 
         ]
    },
	"craftware_minigame_end_music_crygor": {
         "sounds":[
             {
                 "name": "hgg_smp/2023_minigame_sounds/craftware/craftware_minigame_end_music_crygor",
                 "weight": 1
             } 
         ]
    },

	"craftware_minigame_new_elephant": {
         "sounds":[
             {
                 "name": "hgg_smp/2023_minigame_sounds/craftware/round-betweens/craftware_minigame_new_elephant",
                 "weight": 1
             } 
         ]
    },
	"craftware_minigame_win_elephant": {
         "sounds":[
             {
                 "name": "hgg_smp/2023_minigame_sounds/craftware/round-betweens/craftware_minigame_win_elephant",
                 "weight": 1
             } 
         ]
    },
	"craftware_minigame_lose_elephant": {
         "sounds":[
             {
                 "name": "hgg_smp/2023_minigame_sounds/craftware/round-betweens/craftware_minigame_lose_elephant",
                 "weight": 1
             } 
         ]
    },
	"craftware_minigame_end_music_elephant": {
         "sounds":[
             {
                 "name": "hgg_smp/2023_minigame_sounds/craftware/craftware_minigame_end_music_elephant",
                 "weight": 1
             } 
         ]
    },
	
	"craftware_minigame_new_mona": {
         "sounds":[
             {
                 "name": "hgg_smp/2023_minigame_sounds/craftware/round-betweens/craftware_minigame_new_mona",
                 "weight": 1
             } 
         ]
    },
	"craftware_minigame_win_mona": {
         "sounds":[
             {
                 "name": "hgg_smp/2023_minigame_sounds/craftware/round-betweens/craftware_minigame_win_mona",
                 "weight": 1
             } 
         ]
    },
	"craftware_minigame_lose_mona": {
         "sounds":[
             {
                 "name": "hgg_smp/2023_minigame_sounds/craftware/round-betweens/craftware_minigame_lose_mona",
                 "weight": 1
             } 
         ]
    },
	"craftware_minigame_end_music_mona": {
         "sounds":[
             {
                 "name": "hgg_smp/2023_minigame_sounds/craftware/craftware_minigame_end_music_mona",
                 "weight": 1
             } 
         ]
    },
	
	"craftware_minigame_new_9volt": {
         "sounds":[
             {
                 "name": "hgg_smp/2023_minigame_sounds/craftware/round-betweens/craftware_minigame_new_9volt",
                 "weight": 1
             } 
         ]
    },
	"craftware_minigame_win_9volt": {
         "sounds":[
             {
                 "name": "hgg_smp/2023_minigame_sounds/craftware/round-betweens/craftware_minigame_win_9volt",
                 "weight": 1
             } 
         ]
    },
	"craftware_minigame_lose_9volt": {
         "sounds":[
             {
                 "name": "hgg_smp/2023_minigame_sounds/craftware/round-betweens/craftware_minigame_lose_9volt",
                 "weight": 1
             } 
         ]
    },
	"craftware_minigame_end_music_9volt": {
         "sounds":[
             {
                 "name": "hgg_smp/2023_minigame_sounds/craftware/craftware_minigame_end_music_9volt",
                 "weight": 1
             } 
         ]
    },
	
	"craftware_minigame_new_ashley": {
         "sounds":[
             {
                 "name": "hgg_smp/2023_minigame_sounds/craftware/round-betweens/craftware_minigame_new_ashley",
                 "weight": 1
             } 
         ]
    },
	"craftware_minigame_win_ashley": {
         "sounds":[
             {
                 "name": "hgg_smp/2023_minigame_sounds/craftware/round-betweens/craftware_minigame_win_ashley",
                 "weight": 1
             } 
         ]
    },
	"craftware_minigame_lose_ashley": {
         "sounds":[
             {
                 "name": "hgg_smp/2023_minigame_sounds/craftware/round-betweens/craftware_minigame_lose_ashley",
                 "weight": 1
             } 
         ]
    },
	"craftware_minigame_end_music_ashley": {
         "sounds":[
             {
                 "name": "hgg_smp/2023_minigame_sounds/craftware/craftware_minigame_end_music_ashley",
                 "weight": 1
             } 
         ]
    },
	
	"craftware_minigame_new_cricket": {
         "sounds":[
             {
                 "name": "hgg_smp/2023_minigame_sounds/craftware/round-betweens/craftware_minigame_new_cricket",
                 "weight": 1
             } 
         ]
    },
	"craftware_minigame_win_cricket": {
         "sounds":[
             {
                 "name": "hgg_smp/2023_minigame_sounds/craftware/round-betweens/craftware_minigame_win_cricket",
                 "weight": 1
             } 
         ]
    },
	"craftware_minigame_lose_cricket": {
         "sounds":[
             {
                 "name": "hgg_smp/2023_minigame_sounds/craftware/round-betweens/craftware_minigame_lose_cricket",
                 "weight": 1
             } 
         ]
    },
	"craftware_minigame_end_music_cricket": {
         "sounds":[
             {
                 "name": "hgg_smp/2023_minigame_sounds/craftware/craftware_minigame_end_music_cricket",
                 "weight": 1
             } 
         ]
    },
	
	"craftware_minigame_new_jimmy": {
         "sounds":[
             {
                 "name": "hgg_smp/2023_minigame_sounds/craftware/round-betweens/craftware_minigame_new_jimmy",
                 "weight": 1
             } 
         ]
    },
	"craftware_minigame_win_jimmy": {
         "sounds":[
             {
                 "name": "hgg_smp/2023_minigame_sounds/craftware/round-betweens/craftware_minigame_win_jimmy",
                 "weight": 1
             } 
         ]
    },
	"craftware_minigame_lose_jimmy": {
         "sounds":[
             {
                 "name": "hgg_smp/2023_minigame_sounds/craftware/round-betweens/craftware_minigame_lose_jimmy",
                 "weight": 1
             } 
         ]
    },
	"craftware_minigame_end_music_jimmy": {
         "sounds":[
             {
                 "name": "hgg_smp/2023_minigame_sounds/craftware/craftware_minigame_end_music_jimmy",
                 "weight": 1
             } 
         ]
    },
	
	"craftware_minigame_new_kat": {
         "sounds":[
             {
                 "name": "hgg_smp/2023_minigame_sounds/craftware/round-betweens/craftware_minigame_new_kat",
                 "weight": 1
             } 
         ]
    },
	"craftware_minigame_win_kat": {
         "sounds":[
             {
                 "name": "hgg_smp/2023_minigame_sounds/craftware/round-betweens/craftware_minigame_win_kat",
                 "weight": 1
             } 
         ]
    },
	"craftware_minigame_lose_kat": {
         "sounds":[
             {
                 "name": "hgg_smp/2023_minigame_sounds/craftware/round-betweens/craftware_minigame_lose_kat",
                 "weight": 1
             } 
         ]
    },
	"craftware_minigame_end_music_kat": {
         "sounds":[
             {
                 "name": "hgg_smp/2023_minigame_sounds/craftware/craftware_minigame_end_music_kat",
                 "weight": 1
             } 
         ]
    },
	
	"craftware_minigame_new_orbulon": {
         "sounds":[
             {
                 "name": "hgg_smp/2023_minigame_sounds/craftware/round-betweens/craftware_minigame_new_orbulon",
                 "weight": 1
             } 
         ]
    },
	"craftware_minigame_win_orbulon": {
         "sounds":[
             {
                 "name": "hgg_smp/2023_minigame_sounds/craftware/round-betweens/craftware_minigame_win_orbulon",
                 "weight": 1
             } 
         ]
    },
	"craftware_minigame_lose_orbulon": {
         "sounds":[
             {
                 "name": "hgg_smp/2023_minigame_sounds/craftware/round-betweens/craftware_minigame_lose_orbulon",
                 "weight": 1
             } 
         ]
    },
	"craftware_minigame_end_music_orbulon": {
         "sounds":[
             {
                 "name": "hgg_smp/2023_minigame_sounds/craftware/craftware_minigame_end_music_orbulon",
                 "weight": 1
             } 
         ]
    },
	
	"craftware_minigame_new_penny": {
         "sounds":[
             {
                 "name": "hgg_smp/2023_minigame_sounds/craftware/round-betweens/craftware_minigame_new_penny",
                 "weight": 1
             } 
         ]
    },
	"craftware_minigame_win_penny": {
         "sounds":[
             {
                 "name": "hgg_smp/2023_minigame_sounds/craftware/round-betweens/craftware_minigame_win_penny",
                 "weight": 1
             } 
         ]
    },
	"craftware_minigame_lose_penny": {
         "sounds":[
             {
                 "name": "hgg_smp/2023_minigame_sounds/craftware/round-betweens/craftware_minigame_lose_penny",
                 "weight": 1
             } 
         ]
    },
	"craftware_minigame_end_music_penny": {
         "sounds":[
             {
                 "name": "hgg_smp/2023_minigame_sounds/craftware/craftware_minigame_end_music_penny",
                 "weight": 1
             } 
         ]
    },
	
	"craftware_minigame_new_tinywario": {
         "sounds":[
             {
                 "name": "hgg_smp/2023_minigame_sounds/craftware/round-betweens/craftware_minigame_new_tinywario",
                 "weight": 1
             } 
         ]
    },
	"craftware_minigame_win_tinywario": {
         "sounds":[
             {
                 "name": "hgg_smp/2023_minigame_sounds/craftware/round-betweens/craftware_minigame_win_tinywario",
                 "weight": 1
             } 
         ]
    },
	"craftware_minigame_lose_tinywario": {
         "sounds":[
             {
                 "name": "hgg_smp/2023_minigame_sounds/craftware/round-betweens/craftware_minigame_lose_tinywario",
                 "weight": 1
             } 
         ]
    },
	"craftware_minigame_end_music_tinywario": {
         "sounds":[
             {
                 "name": "hgg_smp/2023_minigame_sounds/craftware/craftware_minigame_end_music_tinywario",
                 "weight": 1
             } 
         ]
    },
	
	"craftware_minigame_new_ashleygold": {
         "sounds":[
             {
                 "name": "hgg_smp/2023_minigame_sounds/craftware/round-betweens/bonus/craftware_minigame_new_ashleygold",
                 "weight": 1
             } 
         ]
    },
	"craftware_minigame_win_ashleygold": {
         "sounds":[
             {
                 "name": "hgg_smp/2023_minigame_sounds/craftware/round-betweens/bonus/craftware_minigame_win_ashleygold",
                 "weight": 1
             } 
         ]
    },
	"craftware_minigame_lose_ashleygold": {
         "sounds":[
             {
                 "name": "hgg_smp/2023_minigame_sounds/craftware/round-betweens/bonus/craftware_minigame_lose_ashleygold",
                 "weight": 1
             } 
         ]
    },
	"craftware_minigame_end_music_ashleygold": {
         "sounds":[
             {
                 "name": "hgg_smp/2023_minigame_sounds/craftware/craftware_minigame_end_music_ashleygold",
                 "weight": 1
             } 
         ]
    },
	
	"craftware_minigame_new_warioold": {
         "sounds":[
             {
                 "name": "hgg_smp/2023_minigame_sounds/craftware/round-betweens/bonus/craftware_minigame_new_warioold",
                 "weight": 1
             } 
         ]
    },
	"craftware_minigame_win_warioold": {
         "sounds":[
             {
                 "name": "hgg_smp/2023_minigame_sounds/craftware/round-betweens/bonus/craftware_minigame_win_warioold",
                 "weight": 1
             } 
         ]
    },
	"craftware_minigame_lose_warioold": {
         "sounds":[
             {
                 "name": "hgg_smp/2023_minigame_sounds/craftware/round-betweens/bonus/craftware_minigame_lose_warioold",
                 "weight": 1
             } 
         ]
    },
	"craftware_minigame_end_music_warioold": {
         "sounds":[
             {
                 "name": "hgg_smp/2023_minigame_sounds/craftware/craftware_minigame_end_music_tinywario",
                 "weight": 1
             } 
         ]
    },
	
	"craftware_minigame_new_elephantgit": {
         "sounds":[
             {
                 "name": "hgg_smp/2023_minigame_sounds/craftware/round-betweens/bonus/craftware_minigame_new_elephantgit",
                 "weight": 1
             } 
         ]
    },
	"craftware_minigame_win_elephantgit": {
         "sounds":[
             {
                 "name": "hgg_smp/2023_minigame_sounds/craftware/round-betweens/bonus/craftware_minigame_win_elephantgit",
                 "weight": 1
             } 
         ]
    },
	"craftware_minigame_lose_elephantgit": {
         "sounds":[
             {
                 "name": "hgg_smp/2023_minigame_sounds/craftware/round-betweens/bonus/craftware_minigame_lose_elephantgit",
                 "weight": 1
             } 
         ]
    },
	"craftware_minigame_end_music_elephantgit": {
         "sounds":[
             {
                 "name": "hgg_smp/2023_minigame_sounds/craftware/craftware_minigame_end_music_elephant",
                 "weight": 1
             } 
         ]
    },
	
	"craftware_minigame_new_elephant2": {
         "sounds":[
             {
                 "name": "hgg_smp/2023_minigame_sounds/craftware/round-betweens/bonus/craftware_minigame_new_elephant_short",
                 "weight": 1
             } 
         ]
    },
	"craftware_minigame_win_elephant2": {
         "sounds":[
             {
                 "name": "hgg_smp/2023_minigame_sounds/craftware/round-betweens/craftware_minigame_win_elephant",
                 "weight": 1
             } 
         ]
    },
	"craftware_minigame_lose_elephant2": {
         "sounds":[
             {
                 "name": "hgg_smp/2023_minigame_sounds/craftware/round-betweens/craftware_minigame_lose_elephant",
                 "weight": 1
             } 
         ]
    },
	"craftware_minigame_end_music_elephant2": {
         "sounds":[
             {
                 "name": "hgg_smp/2023_minigame_sounds/craftware/craftware_minigame_end_music_elephant",
                 "weight": 1
             } 
         ]
    },
	
	"craftware_minigame_1": {
         "sounds":[
             {
                 "name": "hgg_smp/2023_minigame_sounds/craftware/minigames/craftware_minigame_1",
                 "weight": 1
             } 
         ]
    },
	"craftware_minigame_2": {
         "sounds":[
             {
                 "name": "hgg_smp/2023_minigame_sounds/craftware/minigames/craftware_minigame_2",
                 "weight": 1
             } 
         ]
    },
	"craftware_minigame_3": {
         "sounds":[
             {
                 "name": "hgg_smp/2023_minigame_sounds/craftware/minigames/craftware_minigame_3",
                 "weight": 1
             } 
         ]
    },
	"craftware_minigame_4": {
         "sounds":[
             {
                 "name": "hgg_smp/2023_minigame_sounds/craftware/minigames/craftware_minigame_4",
                 "weight": 1
             } 
         ]
    },
	"craftware_minigame_5": {
         "sounds":[
             {
                 "name": "hgg_smp/2023_minigame_sounds/craftware/minigames/craftware_minigame_5",
                 "weight": 1
             } 
         ]
    },
	"craftware_minigame_6": {
         "sounds":[
             {
                 "name": "hgg_smp/2023_minigame_sounds/craftware/minigames/craftware_minigame_6",
                 "weight": 1
             } 
         ]
    },
	"craftware_minigame_7": {
         "sounds":[
             {
                 "name": "hgg_smp/2023_minigame_sounds/craftware/minigames/craftware_minigame_7",
                 "weight": 1
             } 
         ]
    },
	"craftware_minigame_8": {
         "sounds":[
             {
                 "name": "hgg_smp/2023_minigame_sounds/craftware/minigames/craftware_minigame_8",
                 "weight": 1
             } 
         ]
    },
	"craftware_minigame_9": {
         "sounds":[
             {
                 "name": "hgg_smp/2023_minigame_sounds/craftware/minigames/craftware_minigame_9",
                 "weight": 1
             } 
         ]
    },
	"craftware_minigame_10": {
         "sounds":[
             {
                 "name": "hgg_smp/2023_minigame_sounds/craftware/minigames/craftware_minigame_10",
                 "weight": 1
             } 
         ]
    },
	"craftware_minigame_11": {
         "sounds":[
             {
                 "name": "hgg_smp/2023_minigame_sounds/craftware/minigames/craftware_minigame_11",
                 "weight": 1
             } 
         ]
    },
	"craftware_minigame_12": {
         "sounds":[
             {
                 "name": "hgg_smp/2023_minigame_sounds/craftware/minigames/craftware_minigame_12",
                 "weight": 1
             } 
         ]
    },
	"craftware_minigame_13": {
         "sounds":[
             {
                 "name": "hgg_smp/2023_minigame_sounds/craftware/minigames/craftware_minigame_13",
                 "weight": 1
             } 
         ]
    },
	"craftware_minigame_14": {
         "sounds":[
             {
                 "name": "hgg_smp/2023_minigame_sounds/craftware/minigames/craftware_minigame_14",
                 "weight": 1
             } 
         ]
    },
	"craftware_minigame_15": {
         "sounds":[
             {
                 "name": "hgg_smp/2023_minigame_sounds/craftware/minigames/craftware_minigame_15",
                 "weight": 1
             } 
         ]
    },
	"craftware_minigame_16": {
         "sounds":[
             {
                 "name": "hgg_smp/2023_minigame_sounds/craftware/minigames/craftware_minigame_16",
                 "weight": 1
             } 
         ]
    },
	"craftware_minigame_17": {
         "sounds":[
             {
                 "name": "hgg_smp/2023_minigame_sounds/craftware/minigames/craftware_minigame_17",
                 "weight": 1
             } 
         ]
    },
	"craftware_minigame_18": {
         "sounds":[
             {
                 "name": "hgg_smp/2023_minigame_sounds/craftware/minigames/craftware_minigame_18",
                 "weight": 1
             } 
         ]
    },
	"craftware_minigame_19": {
         "sounds":[
             {
                 "name": "hgg_smp/2023_minigame_sounds/craftware/minigames/craftware_minigame_19",
                 "weight": 1
             } 
         ]
    },
	"craftware_minigame_20": {
         "sounds":[
             {
                 "name": "hgg_smp/2023_minigame_sounds/craftware/minigames/craftware_minigame_20",
                 "weight": 1
             } 
         ]
    },
	"craftware_minigame_21": {
         "sounds":[
             {
                 "name": "hgg_smp/2023_minigame_sounds/craftware/minigames/craftware_minigame_21",
                 "weight": 1
             } 
         ]
    },
	"craftware_minigame_22": {
         "sounds":[
             {
                 "name": "hgg_smp/2023_minigame_sounds/craftware/minigames/craftware_minigame_22",
                 "weight": 1
             } 
         ]
    },
	"craftware_minigame_23": {
         "sounds":[
             {
                 "name": "hgg_smp/2023_minigame_sounds/craftware/minigames/craftware_minigame_23",
                 "weight": 1
             } 
         ]
	},
	"craftware_minigame_24": {
         "sounds":[
             {
                 "name": "hgg_smp/2023_minigame_sounds/craftware/minigames/craftware_minigame_24",
                 "weight": 1
             } 
         ]
	},
	"craftware_minigame_25": {
         "sounds":[
             {
                 "name": "hgg_smp/2023_minigame_sounds/craftware/minigames/craftware_minigame_25",
                 "weight": 1
             } 
         ]
	},
	"craftware_minigame_26": {
         "sounds":[
             {
                 "name": "hgg_smp/2023_minigame_sounds/craftware/minigames/craftware_minigame_26",
                 "weight": 1
             } 
         ]
	},
	"craftware_minigame_27": {
         "sounds":[
             {
                 "name": "hgg_smp/2023_minigame_sounds/craftware/minigames/craftware_minigame_27",
                 "weight": 1
             } 
         ]
	},
	"craftware_minigame_28": {
         "sounds":[
             {
                 "name": "hgg_smp/2023_minigame_sounds/craftware/minigames/craftware_minigame_28",
                 "weight": 1
             } 
         ]
	},
	"craftware_minigame_29": {
         "sounds":[
             {
                 "name": "hgg_smp/2023_minigame_sounds/craftware/minigames/craftware_minigame_29",
                 "weight": 1
             } 
         ]
	},
	"craftware_minigame_30": {
         "sounds":[
             {
                 "name": "hgg_smp/2023_minigame_sounds/craftware/minigames/craftware_minigame_30",
                 "weight": 1
             } 
         ]
	},
	"craftware_minigame_31": {
         "sounds":[
             {
                 "name": "hgg_smp/2023_minigame_sounds/craftware/minigames/craftware_minigame_31",
                 "weight": 1
             } 
         ]
	},
	"craftware_minigame_32": {
         "sounds":[
             {
                 "name": "hgg_smp/2023_minigame_sounds/craftware/minigames/craftware_minigame_32",
                 "weight": 1
             } 
         ]
	},
	
	
	"craftware_boss_1": {
         "sounds":[
             {
                 "name": "hgg_smp/2023_minigame_sounds/craftware/minigames/boss/craftware_boss_1",
                 "weight": 1
             } 
         ]
    },
	"craftware_boss_2": {
         "sounds":[
             {
                 "name": "hgg_smp/2023_minigame_sounds/craftware/minigames/boss/craftware_boss_2",
                 "weight": 1
             } 
         ]
    },
	"craftware_boss_3": {
         "sounds":[
             {
                 "name": "hgg_smp/2023_minigame_sounds/craftware/minigames/boss/craftware_boss_3",
                 "weight": 1
             } 
         ]
    },
	"craftware_boss_4": {
         "sounds":[
             {
                 "name": "hgg_smp/2023_minigame_sounds/craftware/minigames/boss/craftware_boss_4",
                 "weight": 1
             } 
         ]
    },
	"craftware_boss_5": {
         "sounds":[
             {
                 "name": "hgg_smp/2023_minigame_sounds/craftware/minigames/boss/craftware_boss_5",
                 "weight": 1
             } 
         ]
    },
	"craftware_boss_6": {
         "sounds":[
             {
                 "name": "hgg_smp/2023_minigame_sounds/craftware/minigames/boss/craftware_boss_6",
                 "weight": 1
             } 
         ]
    },
	"craftware_boss_7": {
         "sounds":[
             {
                 "name": "hgg_smp/2023_minigame_sounds/craftware/minigames/boss/craftware_boss_7",
                 "weight": 1
             } 
         ]
    },
	"craftware_boss_8": {
         "sounds":[
             {
                 "name": "hgg_smp/2023_minigame_sounds/craftware/minigames/boss/craftware_boss_8",
                 "weight": 1
             } 
         ]
    },
	"craftware_boss_9": {
         "sounds":[
             {
                 "name": "hgg_smp/2023_minigame_sounds/craftware/minigames/boss/craftware_boss_9",
                 "weight": 1
             } 
         ]
    },
	"craftware_boss_10": {
         "sounds":[
             {
                 "name": "hgg_smp/2023_minigame_sounds/craftware/minigames/boss/craftware_boss_10",
                 "weight": 1
             } 
         ]
    },
	"craftware_boss_11": {
         "sounds":[
             {
                 "name": "hgg_smp/2023_minigame_sounds/craftware/minigames/boss/craftware_boss_11",
                 "weight": 1
             } 
         ]
    },
	"craftware_boss_12": {
         "sounds":[
             {
                 "name": "hgg_smp/2023_minigame_sounds/craftware/minigames/boss/craftware_boss_12",
                 "weight": 1
             } 
         ]
    },
	"craftware_boss_13": {
         "sounds":[
             {
                 "name": "hgg_smp/2023_minigame_sounds/craftware/minigames/boss/craftware_boss_13",
                 "weight": 1
             } 
         ]
    },
	"craftware_boss_14": {
         "sounds":[
             {
                 "name": "hgg_smp/2023_minigame_sounds/craftware/minigames/boss/craftware_boss_14",
                 "weight": 1
             } 
         ]
    },
	"craftware_boss_15": {
         "sounds":[
             {
                 "name": "hgg_smp/2023_minigame_sounds/craftware/minigames/boss/craftware_boss_15",
                 "weight": 1
             } 
         ]
    },
	"craftware_boss_16": {
         "sounds":[
             {
                 "name": "hgg_smp/2023_minigame_sounds/craftware/minigames/boss/craftware_boss_16",
                 "weight": 1
             } 
         ]
    },
	"craftware_boss_17": {
         "sounds":[
             {
                 "name": "hgg_smp/2023_minigame_sounds/craftware/minigames/boss/craftware_boss_17",
                 "weight": 1
             } 
         ]
    }
}