{
	"credit": "Made with Blockbench",
	"textures": {
		"2": "item/hgg_smp/general/custom_items/colorable/hgg_travelmedallion_sheikah_clr"
	},
	"elements": [
		{
			"from": [0, 1, 0],
			"to": [16, 1, 16],
			"faces": {
				"north": {"uv": [0, 0, 16, 0], "texture": "#missing", "tintindex": 0},
				"east": {"uv": [0, 0, 16, 0], "texture": "#missing", "tintindex": 0},
				"south": {"uv": [0, 0, 16, 0], "texture": "#missing", "tintindex": 0},
				"west": {"uv": [0, 0, 16, 0], "texture": "#missing", "tintindex": 0},
				"up": {"uv": [0, 0, 16, 16], "texture": "#2", "tintindex": 0},
				"down": {"uv": [0, 0, 16, 16], "texture": "#2", "tintindex": 0}
			}
		}
	]
}