{
	"parent": "item/handheld",
	"textures": {
	  "layer0": "item/custom_textures/endless_quiver"
	},
	"display": {
        "thirdperson_righthand": {
            "rotation": [ 0, -90, 90 ],
            "translation": [ 0.5, -1.5, 0.0 ],
            "scale": [ 0.3, 0.3, 0.3 ]
        },
        "thirdperson_lefthand": {
            "rotation": [ 0, 90, -90 ],
            "translation": [ 0.5, -1.5, 0.0 ],
            "scale": [ 0.3, 0.3, 0.3 ]
        },
        "firstperson_righthand": {
            "rotation": [ 0, -90, 25 ],
            "translation": [ 1.13, 3.2, 1.13 ],
            "scale": [ 0.2, 0.2, 0.2 ]
        },
        "firstperson_lefthand": {
            "rotation": [ 0, 90, -25 ],
            "translation": [ 1.13, 3.2, 1.13 ],
            "scale": [ 0.2, 0.2, 0.2 ]
        }
    }
}