{
	"parent": "builtin/entity",
    "textures": {
        "particle": "block/oak_planks"
    },
    "display": {
        "gui": {
            "rotation": [ 30, 45, 0 ],
            "translation": [ 0, 0, 0],
            "scale":[ 0.625, 0.625, 0.625 ]
        },
        "ground": {
            "rotation": [ 0, 0, 0 ],
            "translation": [ 0, 3, 0],
            "scale":[ 0.25, 0.25, 0.25 ]
        },
        "head": {
            "rotation": [ 0, 180, 0 ],
            "translation": [ 0, 0, 0],
            "scale":[ 1, 1, 1]
        },
        "fixed": {
            "rotation": [ 0, 180, 0 ],
            "translation": [ 0, 0, 0],
            "scale":[ 0.5, 0.5, 0.5 ]
        },
        "thirdperson_righthand": {
            "rotation": [ 75, 315, 0 ],
            "translation": [ 0, 2.5, 0],
            "scale": [ 0.375, 0.375, 0.375 ]
        },
        "firstperson_righthand": {
            "rotation": [ 0, 315, 0 ],
            "translation": [ 0, 0, 0],
            "scale": [ 0.4, 0.4, 0.4 ]
        }
    },
	"overrides": [
		{"predicate": {"custom_model_data":1}, "model": "item/chest/1"},
		{"predicate": {"custom_model_data":2}, "model": "item/chest/2"},
		{"predicate": {"custom_model_data":3}, "model": "item/chest/3"},
		{"predicate": {"custom_model_data":4}, "model": "item/chest/4"},
		{"predicate": {"custom_model_data":5}, "model": "item/chest/5"},
		{"predicate": {"custom_model_data":6}, "model": "item/chest/6"},
		{"predicate": {"custom_model_data":1001}, "model": "item/chest/1001"},
		{"predicate": {"custom_model_data":1002}, "model": "item/chest/1002"}
    ]
}