{
	"parent": "minecraft:item/generated",
	"textures": {
		"layer0": "minecraft:item/chest_minecart"
	},
  
	"overrides": [
		{"predicate": {"custom_model_data":1}, "model": "item/chest_minecart/1"},
		{"predicate": {"custom_model_data":2}, "model": "item/chest_minecart/2"},
		{"predicate": {"custom_model_data":3}, "model": "item/chest_minecart/3"},
		{"predicate": {"custom_model_data":4}, "model": "item/chest_minecart/4"},
		{"predicate": {"custom_model_data":5}, "model": "item/chest_minecart/5"},
		{"predicate": {"custom_model_data":6}, "model": "item/chest_minecart/6"},
		{"predicate": {"custom_model_data":7}, "model": "item/chest_minecart/7"},
		{"predicate": {"custom_model_data":8}, "model": "item/chest_minecart/8"},
		{"predicate": {"custom_model_data":9}, "model": "item/chest_minecart/9"},
		{"predicate": {"custom_model_data":10}, "model": "item/chest_minecart/10"},
		{"predicate": {"custom_model_data":11}, "model": "item/chest_minecart/11"},
		{"predicate": {"custom_model_data":12}, "model": "item/chest_minecart/12"},
		{"predicate": {"custom_model_data":13}, "model": "item/chest_minecart/13"}
    ]
}