{
    "parent": "item/generated",
    "textures": {
        "layer0": "item/crossbow_standby"
    },
    "display": {
        "thirdperson_righthand": {
            "rotation": [ -90, 0, -60 ],
            "translation": [ 2, 0.1, -3 ],
            "scale": [ 0.9, 0.9, 0.9 ]
        },
        "thirdperson_lefthand": {
            "rotation": [ -90, 0, 30 ],
            "translation": [ 2, 0.1, -3 ],
            "scale": [ 0.9, 0.9, 0.9 ]
        },
        "firstperson_righthand": {
            "rotation": [ -90, 0, -55 ],
            "translation": [ 1.13, 3.2, 1.13],
            "scale": [ 0.68, 0.68, 0.68 ]
        },
        "firstperson_lefthand": {
            "rotation": [ -90, 0, 35 ],
            "translation": [ 1.13, 3.2, 1.13],
            "scale": [ 0.68, 0.68, 0.68 ]
        }
    },
    "overrides": [
        {
            "predicate": {
                "pulling": 1
            },
            "model": "item/crossbow_pulling_0"
        },
        {
            "predicate": {
                "pulling": 1,
                "pull": 0.58
            },
            "model": "item/crossbow_pulling_1"
        },
        {
            "predicate": {
                "pulling": 1,
                "pull": 1.0
            },
            "model": "item/crossbow_pulling_2"
        },
        {
            "predicate": {
                "charged": 1
            },
            "model": "item/crossbow_arrow"
        },
        {
            "predicate": {
                "charged": 1,
                "firework": 1
            },
            "model": "item/crossbow_firework"
        },
		{
            "predicate": {
				"custom_model_data": 1
            },
            "model": "item/crossbow/1"
        },
		{
            "predicate": {
                "pulling": 1,
				"custom_model_data": 1
            },
            "model": "item/crossbow/1_0"
        },
        {
            "predicate": {
                "pulling": 1,
				"custom_model_data": 1,
                "pull": 0.58
            },
            "model": "item/crossbow/1_1"
        },
        {
            "predicate": {
                "pulling": 1,
				"custom_model_data": 1,
                "pull": 1.0
            },
            "model": "item/crossbow/1_2"
        },
        {
            "predicate": {
				"custom_model_data": 1,
                "charged": 1
            },
            "model": "item/crossbow/1_a"
        },
		{
            "predicate": {
				"custom_model_data": 2
            },
            "model": "item/crossbow/2"
        },
		{
            "predicate": {
                "pulling": 1,
				"custom_model_data": 2
            },
            "model": "item/crossbow/2_0"
        },
        {
            "predicate": {
                "pulling": 1,
				"custom_model_data": 2,
                "pull": 0.58
            },
            "model": "item/crossbow/2_1"
        },
        {
            "predicate": {
                "pulling": 1,
				"custom_model_data": 2,
                "pull": 1.0
            },
            "model": "item/crossbow/2_2"
        },
        {
            "predicate": {
				"custom_model_data": 2,
                "charged": 1
            },
            "model": "item/crossbow/2_a"
        },
		{
            "predicate": {
				"custom_model_data": 3
            },
            "model": "item/crossbow/3"
        },
		{
            "predicate": {
                "pulling": 1,
				"custom_model_data": 3
            },
            "model": "item/crossbow/3"
        },
        {
            "predicate": {
                "pulling": 1,
				"custom_model_data": 3,
                "pull": 0.58
            },
            "model": "item/crossbow/3"
        },
        {
            "predicate": {
                "pulling": 1,
				"custom_model_data": 3,
                "pull": 1.0
            },
            "model": "item/crossbow/3"
        },
		{
            "predicate": {
				"custom_model_data": 3,
                "charged": 1
            },
            "model": "item/crossbow/3_a"
        },
		{
            "predicate": {
				"custom_model_data": 4
            },
            "model": "item/crossbow/4"
        },
		{
            "predicate": {
                "pulling": 1,
				"custom_model_data": 4
            },
            "model": "item/crossbow/4_0"
        },
        {
            "predicate": {
                "pulling": 1,
				"custom_model_data": 4,
                "pull": 0.58
            },
            "model": "item/crossbow/4_1"
        },
        {
            "predicate": {
                "pulling": 1,
				"custom_model_data": 4,
                "pull": 1.0
            },
            "model": "item/crossbow/4_2"
        },
        {
            "predicate": {
				"custom_model_data": 4,
                "charged": 1
            },
            "model": "item/crossbow/4_a"
        },
		{
            "predicate": {
				"custom_model_data": 5
            },
            "model": "item/crossbow/5"
        },
		{
            "predicate": {
                "pulling": 1,
				"custom_model_data": 5
            },
            "model": "item/crossbow/5_0"
        },
        {
            "predicate": {
                "pulling": 1,
				"custom_model_data": 5,
                "pull": 0.58
            },
            "model": "item/crossbow/5_1"
        },
        {
            "predicate": {
                "pulling": 1,
				"custom_model_data": 5,
                "pull": 1.0
            },
            "model": "item/crossbow/5_2"
        },
        {
            "predicate": {
				"custom_model_data": 5,
                "charged": 1
            },
            "model": "item/crossbow/5_a"
        },
		{"predicate": {"custom_model_data":1001}, "model": "item/crossbow/1001"},
		{"predicate": {"custom_model_data":1002}, "model": "item/crossbow/1002"}
    ]
}
