{
  "parent": "item/smaller_util",
  "textures": {
    "layer0": "minecraft:item/dragon_breath"
  },
  
	"overrides": [
		{"predicate": {"custom_model_data":1}, "model": "item/dragon_breath/1"},
		{"predicate": {"custom_model_data":2}, "model": "item/dragon_breath/2"},
		{"predicate": {"custom_model_data":3}, "model": "item/dragon_breath/3"},
		{"predicate": {"custom_model_data":4}, "model": "item/dragon_breath/4"},
		{"predicate": {"custom_model_data":5}, "model": "item/dragon_breath/5"},
		{"predicate": {"custom_model_data":6}, "model": "item/dragon_breath/6"},
		{"predicate": {"custom_model_data":7}, "model": "item/dragon_breath/7"}
    ]
}