{
    "parent": "item/handheld_rod",
    "textures": {
        "layer0": "item/fishing_rod"
    },
    "overrides": [
        {
            "predicate": {
                "cast": 1
            },
            "model": "item/fishing_rod_cast"
        },
		{"predicate": {"custom_model_data":1}, "model": "item/fishing_rod/1", "scale": [2, 2, 2]},
		{"predicate": {"custom_model_data":2}, "model": "item/fishing_rod/2", "scale": [2, 2, 2]},
		{"predicate": {"custom_model_data":3}, "model": "item/fishing_rod/3", "scale": [2, 2, 2]}
    ]
	
}