{
	"parent": "minecraft:item/handheld",
	
	"textures": {
		"layer0": "minecraft:item/ghast_tear"
	},
  
	"overrides": [
	    {"predicate": {"custom_model_data":1}, "model": "item/ghast_tear/1", "scale": [2, 2, 2]},
		{"predicate": {"custom_model_data":2}, "model": "item/ghast_tear/2", "scale": [2, 2, 2]},
		{"predicate": {"custom_model_data":3}, "model": "item/ghast_tear/3", "scale": [2, 2, 2]},
		{"predicate": {"custom_model_data":4}, "model": "item/ghast_tear/4", "scale": [2, 2, 2]}
    ]
	
}