{
	"parent": "minecraft:item/generated",
	"textures": {
		"layer0": "minecraft:item/iron_ingot"
	},
  
	"overrides": [
		{"predicate": {"custom_model_data":1}, "model": "item/iron_ingot/1"},
		{"predicate": {"custom_model_data":2}, "model": "item/iron_ingot/2"},
		{"predicate": {"custom_model_data":3}, "model": "item/iron_ingot/3"},
		{"predicate": {"custom_model_data":4}, "model": "item/iron_ingot/4"},
		{"predicate": {"custom_model_data":5}, "model": "item/iron_ingot/5"},
		{"predicate": {"custom_model_data":6}, "model": "item/iron_ingot/6"}
    ]
}