{
	"parent": "minecraft:item/generated",
	"textures": {
		"layer0": "minecraft:item/name_tag"
	},
  
	"overrides": [
		{"predicate": {"custom_model_data":1}, "model": "item/name_tag/1"},
		{"predicate": {"custom_model_data":2}, "model": "item/name_tag/2"},
		{"predicate": {"custom_model_data":3}, "model": "item/name_tag/3"},
		{"predicate": {"custom_model_data":4}, "model": "item/name_tag/4"},
		{"predicate": {"custom_model_data":5}, "model": "item/name_tag/5"},
		{"predicate": {"custom_model_data":6}, "model": "item/name_tag/6"},
		{"predicate": {"custom_model_data":7}, "model": "item/name_tag/7"},
		{"predicate": {"custom_model_data":8}, "model": "item/name_tag/8"},
		{"predicate": {"custom_model_data":9}, "model": "item/name_tag/9"},
		{"predicate": {"custom_model_data":10}, "model": "item/name_tag/10"},
		{"predicate": {"custom_model_data":11}, "model": "item/name_tag/11"},
		{"predicate": {"custom_model_data":12}, "model": "item/name_tag/12"},
		{"predicate": {"custom_model_data":13}, "model": "item/name_tag/13"},
		{"predicate": {"custom_model_data":14}, "model": "item/name_tag/14"},
		{"predicate": {"custom_model_data":15}, "model": "item/name_tag/15"},
		{"predicate": {"custom_model_data":16}, "model": "item/name_tag/16"}
    ]
}