{
	"parent": "minecraft:item/handheld",
	
	"textures": {
		"layer0": "minecraft:item/netherite_axe"
	},
  
	"overrides": [
	    {"predicate": {"custom_model_data":1}, "model": "item/netherite_axe/1", "scale": [2, 2, 2]},
	    {"predicate": {"custom_model_data":2}, "model": "item/netherite_axe/2", "scale": [2, 2, 2]},
	    {"predicate": {"custom_model_data":3}, "model": "item/netherite_axe/3", "scale": [2, 2, 2]},
		{"predicate": {"custom_model_data":4}, "model": "item/netherite_axe/4", "scale": [2, 2, 2]},
		{"predicate": {"custom_model_data":5}, "model": "item/netherite_axe/5", "scale": [2, 2, 2]},
	    {"predicate": {"custom_model_data":6}, "model": "item/netherite_axe/6", "scale": [2, 2, 2]},
		{"predicate": {"custom_model_data":7}, "model": "item/netherite_axe/7", "scale": [2, 2, 2]},
		{"predicate": {"custom_model_data":8}, "model": "item/netherite_axe/8", "scale": [2, 2, 2]},
		{"predicate": {"custom_model_data":9}, "model": "item/netherite_axe/9", "scale": [2, 2, 2]},
		{"predicate": {"custom_model_data":10}, "model": "item/netherite_axe/10", "scale": [2, 2, 2]},
		{"predicate": {"custom_model_data":11}, "model": "item/netherite_axe/11", "scale": [2, 2, 2]},
		{"predicate": {"custom_model_data":12}, "model": "item/netherite_axe/12", "scale": [2, 2, 2]},
		{"predicate": {"custom_model_data":13}, "model": "item/netherite_axe/13", "scale": [2, 2, 2]}
    ]
	
}