{
	"parent": "minecraft:item/generated",
	"textures": {
		"layer0": "minecraft:item/paper"
	},
  
	"overrides": [
		{"predicate": {"custom_model_data":1}, "model": "item/paper/1"},
		{"predicate": {"custom_model_data":1001}, "model": "item/paper/1001"},
		{"predicate": {"custom_model_data":1002}, "model": "item/paper/1002"},
		{"predicate": {"custom_model_data":1003}, "model": "item/paper/1003"},
		{"predicate": {"custom_model_data":1004}, "model": "item/paper/1004"},
		{"predicate": {"custom_model_data":1005}, "model": "item/paper/1005"}
    ]
}