{
	"parent": "minecraft:item/handheld",
	
	"textures": {
		"layer0": "minecraft:item/prismarine_shard"
	},
  
	"overrides": [
	    {"predicate": {"custom_model_data":1}, "model": "item/prismarine_shard/1", "scale": [2, 2, 2]},
		{"predicate": {"custom_model_data":2}, "model": "item/prismarine_shard/2", "scale": [2, 2, 2]},
		{"predicate": {"custom_model_data":3}, "model": "item/prismarine_shard/3", "scale": [2, 2, 2]},
		{"predicate": {"custom_model_data":4}, "model": "item/prismarine_shard/4", "scale": [2, 2, 2]}
    ]
	
}