{
	"parent": "minecraft:item/generated",
	"textures": {
		"layer0": "minecraft:item/raw_iron"
	},
  
	"overrides": [
		{"predicate": {"custom_model_data":1}, "model": "item/raw_iron/1"},
		{"predicate": {"custom_model_data":2}, "model": "item/raw_iron/2"},
		{"predicate": {"custom_model_data":3}, "model": "item/raw_iron/3"},
		{"predicate": {"custom_model_data":4}, "model": "item/raw_iron/4"},
		{"predicate": {"custom_model_data":5}, "model": "item/raw_iron/5"},
		{"predicate": {"custom_model_data":6}, "model": "item/raw_iron/6"}
    ]
}