{
	"parent": "minecraft:item/handheld",
	
	"textures": {
		"layer0": "minecraft:item/shears"
	},
  
	"overrides": [
	    {"predicate": {"custom_model_data":1}, "model": "item/shears/1", "scale": [2, 2, 2]},
		{"predicate": {"custom_model_data":2}, "model": "item/shears/2", "scale": [2, 2, 2]},
		{"predicate": {"custom_model_data":3}, "model": "item/shears/3", "scale": [2, 2, 2]},
		{"predicate": {"custom_model_data":4}, "model": "item/shears/4", "scale": [2, 2, 2]},
		{"predicate": {"custom_model_data":5}, "model": "item/shears/5", "scale": [2, 2, 2]},
		{"predicate": {"custom_model_data":6}, "model": "item/shears/6", "scale": [2, 2, 2]},
		{"predicate": {"custom_model_data":1001}, "model": "item/shears/1001"}
    ]
	
}