{
    "2022_halloween_souljumper": {
         "sounds":[
             {
                 "name": "hgg_smp/2022_halloween/souljumper_jump",
                 "weight": 1
             } 
         ]
    },
	"2022_christmas_jingle": {
         "sounds":[
             {
                 "name": "hgg_smp/2022_christmas/jingle_bell",
                 "weight": 1
             } 
         ]
    },
	"2022_hgg_valverocketlauncher": {
         "sounds":[
             {
                 "name": "general/joke/hgg_valverocketlauncher",
                 "weight": 1
             } 
         ]
    },
	"2022_vineboom": {
         "sounds":[
             {
                 "name": "general/joke/vineboom",
                 "weight": 1
             } 
         ]
    },
	"2023_hookshot_set": {
         "sounds":[
             {
                 "name": "general/custom_items/hgg_hookshot_set",
                 "weight": 1
             } 
         ]
    },
	"2023_hookshot_hit": {
         "sounds":[
             {
                 "name": "general/custom_items/hgg_hookshot_hit",
                 "weight": 1
             } 
         ]
    },
	"2023_hookshot_fire": {
         "sounds":[
             {
                 "name": "general/custom_items/hgg_hookshot_fire",
                 "weight": 1
             } 
         ]
    },
	"2023_sonicspring": {
         "sounds":[
             {
                 "name": "general/custom_items/hgg_sonicspringboard",
                 "weight": 1
             } 
         ]
    },
	"2023_fart1": {
         "sounds":[
             {
                 "name": "general/custom_items/hgg_fart1",
                 "weight": 1
             } 
         ]
    },
	"2023_fart2": {
         "sounds":[
             {
                 "name": "general/custom_items/hgg_fart2",
                 "weight": 1
             } 
         ]
    },
	"2023_fart3": {
         "sounds":[
             {
                 "name": "general/custom_items/hgg_fart3",
                 "weight": 1
             } 
         ]
    },
	"2023_fart4": {
         "sounds":[
             {
                 "name": "general/custom_items/hgg_fart4",
                 "weight": 1
             } 
         ]
    },
	"2023_travelmedallion": {
         "sounds":[
             {
                 "name": "general/custom_items/hgg_travelmedallion",
                 "weight": 1
             } 
         ]
    },
	"2023_travelmedallion_warp": {
         "sounds":[
             {
                 "name": "general/custom_items/hgg_travelmedallion_warp",
                 "weight": 1
             } 
         ]
    },
	"2023_location_end": {
         "sounds":[
             {
                 "name": "hgg_smp/2023_world_sounds/location_end",
                 "weight": 1
             } 
         ]
    },
	"2023_location_main": {
         "sounds":[
             {
                 "name": "hgg_smp/2023_world_sounds/location_main",
                 "weight": 1
             } 
         ]
    },
	
	"2024_ss_getitem": {
         "sounds":[
             {
                 "name": "hgg_smp/2024_world_sounds/ss_getitem",
                 "weight": 1
             } 
         ]
    },
	"2024_ss_getkeyitem": {
         "sounds":[
             {
                 "name": "hgg_smp/2024_world_sounds/ss_getkeyitem",
                 "weight": 1
             } 
         ]
    },
	"2024_ss_getsmallitem": {
         "sounds":[
             {
                 "name": "hgg_smp/2024_world_sounds/ss_getsmallitem",
                 "weight": 1
             } 
         ]
    },
	"2024_ss_openchest": {
         "sounds":[
             {
                 "name": "hgg_smp/2024_world_sounds/ss_openchest",
                 "weight": 1
             } 
         ]
    },
	"2024_tp_warpin": {
         "sounds":[
             {
                 "name": "hgg_smp/2024_world_sounds/tp_warpin",
                 "weight": 1
             } 
         ]
    },
	"2024_tp_warpout": {
         "sounds":[
             {
                 "name": "hgg_smp/2024_world_sounds/tp_warpout",
                 "weight": 1
             } 
         ]
    },
	"2024_ww_bluerupee": {
         "sounds":[
             {
                 "name": "hgg_smp/2024_world_sounds/ww_bluerupee",
                 "weight": 1
             } 
         ]
    },
	"2024_ww_greenrupee": {
         "sounds":[
             {
                 "name": "hgg_smp/2024_world_sounds/ww_greenrupee",
                 "weight": 1
             } 
         ]
    },
	"2024_ww_redrupee": {
         "sounds":[
             {
                 "name": "hgg_smp/2024_world_sounds/ww_redrupee",
                 "weight": 1
             } 
         ]
    },
	"2024_ww_yellowrupee": {
         "sounds":[
             {
                 "name": "hgg_smp/2024_world_sounds/ww_yellowrupee",
                 "weight": 1
             } 
         ]
    },
	"2024_ww_heart": {
         "sounds":[
             {
                 "name": "hgg_smp/2024_world_sounds/ww_heart",
                 "weight": 1
             } 
         ]
    },
	"2024_ww_item": {
         "sounds":[
             {
                 "name": "hgg_smp/2024_world_sounds/ww_item",
                 "weight": 1
             } 
         ]
    },
	"2024_ww_linkmeow": {
         "sounds":[
             {
                 "name": "hgg_smp/2024_world_sounds/ww_linkmeow",
                 "weight": 1
             } 
         ]
    },
	"2024_ww_rupeebounce": {
         "sounds":[
             {
                 "name": "hgg_smp/2024_world_sounds/ww_rupeebounce",
                 "weight": 1
             } 
         ]
    },
	
	"md_door_metal_open": {
         "sounds":[
             {
                 "name": "general/mini_dungeons/oot_door_metal_open",
                 "weight": 1
             } 
         ]
    },
	"md_door_metal_close": {
         "sounds":[
             {
                 "name": "general/mini_dungeons/oot_door_metal_close",
                 "weight": 1
             } 
         ]
    },
	"md_door_stone_open": {
         "sounds":[
             {
                 "name": "general/mini_dungeons/oot_door_stone_open",
                 "weight": 1
             } 
         ]
    },
	"md_door_stone_close": {
         "sounds":[
             {
                 "name": "general/mini_dungeons/oot_door_stone_close",
                 "weight": 1
             } 
         ]
    },
	"md_door_regular_wood_open": {
         "sounds":[
             {
                 "name": "general/mini_dungeons/oot_door_regular_wood_open",
                 "weight": 1
             } 
         ]
    },
	"md_door_regular_wood_close": {
         "sounds":[
             {
                 "name": "general/mini_dungeons/oot_door_regular_wood_close",
                 "weight": 1
             } 
         ]
    },
	"md_door_regular_metal_open": {
         "sounds":[
             {
                 "name": "general/mini_dungeons/oot_door_regular_metal_open",
                 "weight": 1
             } 
         ]
    },
	"md_door_regular_metal_close": {
         "sounds":[
             {
                 "name": "general/mini_dungeons/oot_door_regular_metal_close",
                 "weight": 1
             } 
         ]
    },
	"md_door_slam": {
         "sounds":[
             {
                 "name": "general/mini_dungeons/oot_door_slam",
                 "weight": 1
             } 
         ]
    },
	"md_door_unlock": {
         "sounds":[
             {
                 "name": "general/mini_dungeons/oot_door_unlock",
                 "weight": 1
             } 
         ]
    },
	
	"all_lttp_bombexplode": {
         "sounds":[
             {
                 "name": "hgg_smp/2022_world_sounds/lttp_bombexplode",
                 "weight": 1
             } 
         ]
    },
	"all_lttp_bombdrop": {
         "sounds":[
             {
                 "name": "hgg_smp/2022_world_sounds/lttp_bombdrop",
                 "weight": 1
             } 
         ]
    },
	"all_lttp_bosshurt": {
         "sounds":[
             {
                 "name": "hgg_smp/2022_world_sounds/lttp_bosshurt",
                 "weight": 1
             } 
         ]
    },
	"all_lttp_bosskill": {
         "sounds":[
             {
                 "name": "hgg_smp/2022_world_sounds/lttp_bosskill",
                 "weight": 1
             } 
         ]
    },
	"all_lttp_chestappear": {
         "sounds":[
             {
                 "name": "hgg_smp/2022_world_sounds/lttp_chestappear",
                 "weight": 1
             } 
         ]
    },
	"all_lttp_enemyhit": {
         "sounds":[
             {
                 "name": "hgg_smp/2022_world_sounds/lttp_enemyhit",
                 "weight": 1
             } 
         ]
    },
	"all_lttp_enemykill": {
         "sounds":[
             {
                 "name": "hgg_smp/2022_world_sounds/lttp_enemykill",
                 "weight": 1
             } 
         ]
    },
	"all_lttp_getkey": {
         "sounds":[
             {
                 "name": "hgg_smp/2022_world_sounds/lttp_getkey",
                 "weight": 1
             } 
         ]
    },
	"all_lttp_heartpiece": {
         "sounds":[
             {
                 "name": "hgg_smp/2022_world_sounds/lttp_heartpiece",
                 "weight": 1
             } 
         ]
    },
	"all_lttp_itemfanfare": {
         "sounds":[
             {
                 "name": "hgg_smp/2022_world_sounds/lttp_itemfanfare",
                 "weight": 1
             } 
         ]
    },
	"all_lttp_map": {
         "sounds":[
             {
                 "name": "hgg_smp/2022_world_sounds/lttp_map",
                 "weight": 1
             } 
         ]
    },
	"all_lttp_menuselect": {
         "sounds":[
             {
                 "name": "hgg_smp/2022_world_sounds/lttp_menuselect",
                 "weight": 1
             } 
         ]
    },
	"all_lttp_rupee": {
         "sounds":[
             {
                 "name": "hgg_smp/2022_world_sounds/lttp_rupee",
                 "weight": 1
             } 
         ]
    },
	"all_lttp_savequit": {
         "sounds":[
             {
                 "name": "hgg_smp/2022_world_sounds/lttp_savequit",
                 "weight": 1
             } 
         ]
    },
	"all_lttp_secret": {
         "sounds":[
             {
                 "name": "hgg_smp/2022_world_sounds/lttp_secret",
                 "weight": 1
             } 
         ]
    },
	"all_lttp_textdone": {
         "sounds":[
             {
                 "name": "hgg_smp/2022_world_sounds/lttp_textdone",
                 "weight": 1
             } 
         ]
    },
	"all_lttp_warp": {
         "sounds":[
             {
                 "name": "hgg_smp/2022_world_sounds/lttp_warp",
                 "weight": 1
             } 
         ]
    },
	"all_lttp_warpworld": {
         "sounds":[
             {
                 "name": "hgg_smp/2022_world_sounds/lttp_warpworld",
                 "weight": 1
             } 
         ]
    },
	"all_lttp_jump": {
         "sounds":[
             {
                 "name": "hgg_smp/2022_world_sounds/lttp_jump",
                 "weight": 1
             } 
         ]
    },
	"all_lttp_dungeonopen": {
         "sounds":[
             {
                 "name": "hgg_smp/2023_world_sounds/lttp_dungeonopen",
                 "weight": 1
             } 
         ]
    },
	"tf2_gotohell": {
         "sounds":[
             {
                 "name": "hgg_smp/2022_world_sounds/tf2_gotohell",
                 "weight": 1
             } 
         ]
    },
	"totk_chasm": {
         "sounds":[
             {
                 "name": "hgg_smp/2022_world_sounds/totk_chasm",
                 "weight": 1
             } 
         ]
    },
	
	"minigames_bonusround": {
         "sounds":[
             {
                 "name": "hgg_smp/2023_world_sounds/minigame_bonusround",
                 "weight": 1
             } 
         ]
    }
}