{
    "providers": [
        {
            "type": "bitmap",
            "file": "minecraft:font/hgg/logo_big.png",
			"ascent": 32,
			"height": 64,
			"chars": [ "\uE000" ]
		},
		{
            "type": "bitmap",
            "file": "minecraft:font/hgg/pause_menu.png",
			"ascent": 7,
			"height": 128,
			"chars": [ "\uE001" ]
		},
		{
            "type": "bitmap",
            "file": "minecraft:font/hgg-custom/dark_screen.png",
			"ascent": 128,
			"height": 256,
			"chars": [ "\uE002" ]
		},
		{
            "type": "bitmap",
            "file": "minecraft:font/hgg-custom/white_screen.png",
			"ascent": 128,
			"height": 512,
			"chars": [ "\uE003" ]
		},
		{
            "type": "bitmap",
            "file": "minecraft:font/hgg-custom/experience.png",
			"ascent": 9,
			"height": 11,
			"chars": [ "\uE0EE" ]
		},
		{
            "type": "bitmap",
            "file": "minecraft:font/hgg-custom/info.png",
			"ascent": 9,
			"height": 11,
			"chars": [ "\uE0EF" ]
		},
		{
            "type": "bitmap",
            "file": "minecraft:font/hgg-custom/mojang.png",
			"ascent": 9,
			"height": 11,
			"chars": [ "\uE0F0" ]
		},
		{
            "type": "bitmap",
            "file": "minecraft:font/hgg-custom/gamersafer.png",
			"ascent": 9,
			"height": 11,
			"chars": [ "\uE0F1" ]
		},
		{
            "type": "bitmap",
            "file": "minecraft:font/hgg-custom/hgg.png",
			"ascent": 9,
			"height": 11,
			"chars": [ "\uE0F2" ]
		},
		{
            "type": "bitmap",
            "file": "minecraft:font/hgg-custom/food.png",
			"ascent": 9,
			"height": 11,
			"chars": [ "\uE0F3" ]
		},
		{
            "type": "bitmap",
            "file": "minecraft:font/hgg-custom/health.png",
			"ascent": 9,
			"height": 11,
			"chars": [ "\uE0F4" ]
		},
		{
            "type": "bitmap",
            "file": "minecraft:font/hgg-custom/armor.png",
			"ascent": 9,
			"height": 11,
			"chars": [ "\uE0F5" ]
		},
		{
            "type": "bitmap",
            "file": "minecraft:font/hgg-custom/clock.png",
			"ascent": 9,
			"height": 11,
			"chars": [ "\uE0F6" ]
		},
		{
            "type": "bitmap",
            "file": "minecraft:font/hgg-custom/bottle.png",
			"ascent": 9,
			"height": 11,
			"chars": [ "\uE0F7" ]
		},
		{
            "type": "bitmap",
            "file": "minecraft:font/hgg-custom/setbonus.png",
			"ascent": 9,
			"height": 11,
			"chars": [ "\uE0F8" ]
		},
		{
            "type": "bitmap",
            "file": "minecraft:font/hgg-custom/sword.png",
			"ascent": 9,
			"height": 11,
			"chars": [ "\uE0F9" ]
		},
		{
            "type": "bitmap",
            "file": "minecraft:font/hgg-custom/mana.png",
			"ascent": 9,
			"height": 11,
			"chars": [ "\uE0FA" ]
		},
		{
            "type": "bitmap",
            "file": "minecraft:font/hgg-custom/description.png",
			"ascent": 9,
			"height": 11,
			"chars": [ "\uE0FB" ]
		},
		{
            "type": "bitmap",
            "file": "minecraft:font/hgg-custom/rarity.png",
			"ascent": 9,
			"height": 11,
			"chars": [ "\uE0FC" ]
		},
		{
            "type": "bitmap",
            "file": "minecraft:font/hgg-custom/tip.png",
			"ascent": 9,
			"height": 11,
			"chars": [ "\uE0FD" ]
		},
		{
            "type": "bitmap",
            "file": "minecraft:font/hgg-custom/action.png",
			"ascent": 9,
			"height": 11,
			"chars": [ "\uE0FE" ]
		},
		{
            "type": "bitmap",
            "file": "minecraft:font/hgg-custom/monster.png",
			"ascent": 9,
			"height": 11,
			"chars": [ "\uE0FF" ]
		},
		{
            "type": "bitmap",
            "file": "minecraft:item/cod.png",
			"ascent": 6,
			"height": 16,
			"chars": [ "\uE090" ]
		},
		{
            "type": "bitmap",
            "file": "minecraft:item/salmon.png",
			"ascent": 6,
			"height": 16,
			"chars": [ "\uE091" ]
		},
		{
            "type": "bitmap",
            "file": "minecraft:item/pufferfish.png",
			"ascent": 6,
			"height": 16,
			"chars": [ "\uE092" ]
		},
		{
            "type": "bitmap",
            "file": "minecraft:item/tropical_fish.png",
			"ascent": 6,
			"height": 16,
			"chars": [ "\uE093" ]
		}
	]
}