{
    "parent": "item/handheld_rod",
    "textures": {
        "layer0": "item/fishing_rod"
    },
    "overrides": [
        {
			"predicate": {
                "cast": 1
            },
            "model": "item/fishing_rod_cast"
        },
		{
			"predicate": {
				"custom_model_data":1005
			},
            "model": "hgg_smp/general/hookshot"
        },
		{
			"predicate": {
				"custom_model_data":1005,
				"cast": 1
			},
            "model": "hgg_smp/general/hookshot_cast"
        }
    ]
}
