{
	"parent": "item/handheld",
	"textures": {
	  "layer0": "item/custom_textures/withering_cutlass"
	},
	"display": {
        "thirdperson_righthand": {
            "rotation": [ 0, -90, 40 ],
            "translation": [ 0, 9.0, 1.5 ],
            "scale": [ 1.5, 1.5, 1.5 ]
        },
        "thirdperson_lefthand": {
            "rotation": [ 0, 90, -40 ],
            "translation": [ 0, 9.0, 1.5 ],
            "scale": [ 1.5, 1.5, 1.5 ]
        },
        "firstperson_righthand": {
            "rotation": [ 0, -90, 25 ],
            "translation": [ 1.13, 3.2, 1.13 ],
            "scale": [ 1.0, 1.0, 1.0 ]
        },
        "firstperson_lefthand": {
            "rotation": [ 0, 90, -25 ],
            "translation": [ 1.13, 3.2, 1.13 ],
            "scale": [ 1.0, 1.0, 1.0 ]
        }
    }
}