{
	"parent": "item/handheld",
	"textures": {
	  "layer0": "item/custom_textures/golem_fist"
	},
	"display": {
        "thirdperson_righthand": {
            "rotation": [ 0, -90, 90 ],
            "translation": [ 1.2, -1.0, 0.0 ],
            "scale": [ 0.8, 0.8, 0.8 ]
        },
        "thirdperson_lefthand": {
            "rotation": [ 0, 90, -90 ],
            "translation": [ 1.2, -1.0, 0.0 ],
            "scale": [ 0.8, 0.8, 0.8 ]
        },
        "firstperson_righthand": {
            "rotation": [ 0, -90, 25 ],
            "translation": [ 1.13, 3.2, 1.13 ],
            "scale": [ 0.5, 0.5, 0.5 ]
        },
        "firstperson_lefthand": {
            "rotation": [ 0, 90, -25 ],
            "translation": [ 1.13, 3.2, 1.13 ],
            "scale": [ 0.5, 0.5, 0.5 ]
        }
    }
}