{
	"parent": "item/handheld",
	"textures": {
	  "layer0": "item/custom_textures/gunslinger"
	},
	"display": {
        "thirdperson_righthand": {
            "rotation": [ 0, -90, 0 ],
            "translation": [ 0, 4.0, -2.0 ],
            "scale": [ 1.0, 1.0, 1.0 ]
        },
        "thirdperson_lefthand": {
            "rotation": [ 0, 90, 0 ],
            "translation": [ 0, 4.0, -2.0 ],
            "scale": [ 1.0, 1.0, 1.0 ]
        },
        "firstperson_righthand": {
            "rotation": [ -35, -45, 0 ],
            "translation": [ -2, 4.5, 1.13 ],
            "scale": [ 0.4, 0.4, 0.4 ]
        },
        "firstperson_lefthand": {
            "rotation": [ -35, 135, 0 ],
            "translation": [ -2, 4.5, 1.13 ],
            "scale": [ 0.4, 0.4, 0.4 ]
        }
    }
}