{
	"credit": "Made with Blockbench",
	"textures": {
		"2": "item/hgg_smp/decorative/dcr_pokeball",
		"particle": "item/hgg_smp/decorative/dcr_pokeball"
	},
	"elements": [
		{
			"name": "voxel",
			"from": [7, 15, 10],
			"to": [9, 16, 11],
			"faces": {
				"east": {"uv": [13, 1, 15, 3], "texture": "#2"},
				"south": {"uv": [13, 1, 15, 3], "texture": "#2"},
				"west": {"uv": [13, 1, 15, 3], "texture": "#2"},
				"up": {"uv": [13, 1, 15, 3], "texture": "#2", "cullface": "up"}
			}
		},
		{
			"name": "voxel",
			"from": [10, 15, 7],
			"to": [11, 16, 9],
			"faces": {
				"north": {"uv": [13, 1, 15, 3], "texture": "#2"},
				"east": {"uv": [13, 1, 15, 3], "texture": "#2"},
				"south": {"uv": [13, 1, 15, 3], "texture": "#2"},
				"up": {"uv": [13, 1, 15, 3], "texture": "#2", "cullface": "up"}
			}
		},
		{
			"name": "voxel",
			"from": [5, 15, 7],
			"to": [6, 16, 9],
			"faces": {
				"north": {"uv": [13, 1, 15, 3], "texture": "#2"},
				"south": {"uv": [13, 1, 15, 3], "texture": "#2"},
				"west": {"uv": [13, 1, 15, 3], "texture": "#2"},
				"up": {"uv": [13, 1, 15, 3], "texture": "#2", "cullface": "up"}
			}
		},
		{
			"name": "voxel",
			"from": [6, 15, 5],
			"to": [10, 16, 10],
			"faces": {
				"north": {"uv": [13, 1, 15, 3], "texture": "#2"},
				"east": {"uv": [13, 1, 15, 3], "texture": "#2"},
				"south": {"uv": [13, 1, 15, 3], "texture": "#2"},
				"west": {"uv": [13, 1, 15, 3], "texture": "#2"},
				"up": {"uv": [13, 1, 15, 3], "texture": "#2", "cullface": "up"}
			}
		},
		{
			"name": "voxel",
			"from": [7, 14, 11],
			"to": [9, 15, 13],
			"faces": {
				"east": {"uv": [13, 1, 15, 3], "texture": "#2"},
				"south": {"uv": [13, 1, 15, 3], "texture": "#2"},
				"west": {"uv": [13, 1, 15, 3], "texture": "#2"},
				"up": {"uv": [13, 1, 15, 3], "texture": "#2"}
			}
		},
		{
			"name": "voxel",
			"from": [9, 14, 10],
			"to": [10, 15, 12],
			"faces": {
				"south": {"uv": [13, 1, 15, 3], "texture": "#2"},
				"up": {"uv": [13, 1, 15, 3], "texture": "#2"}
			}
		},
		{
			"name": "voxel",
			"from": [6, 14, 10],
			"to": [7, 15, 12],
			"faces": {
				"south": {"uv": [13, 1, 15, 3], "texture": "#2"},
				"up": {"uv": [13, 1, 15, 3], "texture": "#2"}
			}
		},
		{
			"name": "voxel",
			"from": [10, 14, 9],
			"to": [11, 15, 12],
			"faces": {
				"east": {"uv": [13, 1, 15, 3], "texture": "#2"},
				"south": {"uv": [13, 1, 15, 3], "texture": "#2"},
				"up": {"uv": [13, 1, 15, 3], "texture": "#2"}
			}
		},
		{
			"name": "voxel",
			"from": [5, 14, 9],
			"to": [6, 15, 12],
			"faces": {
				"south": {"uv": [13, 1, 15, 3], "texture": "#2"},
				"west": {"uv": [13, 1, 15, 3], "texture": "#2"},
				"up": {"uv": [13, 1, 15, 3], "texture": "#2"}
			}
		},
		{
			"name": "voxel",
			"from": [11, 14, 7],
			"to": [12, 15, 11],
			"faces": {
				"east": {"uv": [13, 1, 15, 3], "texture": "#2"},
				"south": {"uv": [13, 1, 15, 3], "texture": "#2"},
				"up": {"uv": [13, 1, 15, 3], "texture": "#2"}
			}
		},
		{
			"name": "voxel",
			"from": [12, 14, 6],
			"to": [13, 15, 10],
			"faces": {
				"north": {"uv": [13, 1, 15, 3], "texture": "#2"},
				"east": {"uv": [13, 1, 15, 3], "texture": "#2"},
				"south": {"uv": [13, 1, 15, 3], "texture": "#2"},
				"up": {"uv": [13, 1, 15, 3], "texture": "#2"}
			}
		},
		{
			"name": "voxel",
			"from": [3, 14, 6],
			"to": [4, 15, 10],
			"faces": {
				"north": {"uv": [13, 1, 15, 3], "texture": "#2"},
				"south": {"uv": [13, 1, 15, 3], "texture": "#2"},
				"west": {"uv": [13, 1, 15, 3], "texture": "#2"},
				"up": {"uv": [13, 1, 15, 3], "texture": "#2"}
			}
		},
		{
			"name": "voxel",
			"from": [4, 14, 5],
			"to": [5, 15, 11],
			"faces": {
				"north": {"uv": [13, 1, 15, 3], "texture": "#2"},
				"south": {"uv": [13, 1, 15, 3], "texture": "#2"},
				"west": {"uv": [13, 1, 15, 3], "texture": "#2"},
				"up": {"uv": [13, 1, 15, 3], "texture": "#2"}
			}
		},
		{
			"name": "voxel",
			"from": [10, 14, 4],
			"to": [12, 15, 7],
			"faces": {
				"north": {"uv": [13, 1, 15, 3], "texture": "#2"},
				"east": {"uv": [13, 1, 15, 3], "texture": "#2"},
				"up": {"uv": [13, 1, 15, 3], "texture": "#2"}
			}
		},
		{
			"name": "voxel",
			"from": [5, 14, 4],
			"to": [6, 15, 7],
			"faces": {
				"north": {"uv": [13, 1, 15, 3], "texture": "#2"},
				"west": {"uv": [13, 1, 15, 3], "texture": "#2"},
				"up": {"uv": [13, 1, 15, 3], "texture": "#2"}
			}
		},
		{
			"name": "voxel",
			"from": [6, 14, 3],
			"to": [10, 15, 5],
			"faces": {
				"north": {"uv": [13, 1, 15, 3], "texture": "#2"},
				"east": {"uv": [13, 1, 15, 3], "texture": "#2"},
				"west": {"uv": [13, 1, 15, 3], "texture": "#2"},
				"up": {"uv": [13, 1, 15, 3], "texture": "#2"}
			}
		},
		{
			"name": "voxel",
			"from": [6, 13, 13],
			"to": [10, 14, 14],
			"faces": {
				"east": {"uv": [13, 1, 15, 3], "texture": "#2"},
				"south": {"uv": [13, 1, 15, 3], "texture": "#2"},
				"west": {"uv": [13, 1, 15, 3], "texture": "#2"},
				"up": {"uv": [13, 1, 15, 3], "texture": "#2"}
			}
		},
		{
			"name": "voxel",
			"from": [9, 13, 12],
			"to": [11, 14, 13],
			"faces": {
				"south": {"uv": [13, 1, 15, 3], "texture": "#2"},
				"up": {"uv": [13, 1, 15, 3], "texture": "#2"}
			}
		},
		{
			"name": "voxel",
			"from": [5, 13, 12],
			"to": [7, 14, 13],
			"faces": {
				"south": {"uv": [13, 1, 15, 3], "texture": "#2"},
				"up": {"uv": [13, 1, 15, 3], "texture": "#2"}
			}
		},
		{
			"name": "voxel",
			"from": [11, 13, 11],
			"to": [12, 14, 13],
			"faces": {
				"east": {"uv": [13, 1, 15, 3], "texture": "#2"},
				"south": {"uv": [13, 1, 15, 3], "texture": "#2"},
				"up": {"uv": [13, 1, 15, 3], "texture": "#2"}
			}
		},
		{
			"name": "voxel",
			"from": [4, 13, 11],
			"to": [5, 14, 13],
			"faces": {
				"south": {"uv": [13, 1, 15, 3], "texture": "#2"},
				"west": {"uv": [13, 1, 15, 3], "texture": "#2"},
				"up": {"uv": [13, 1, 15, 3], "texture": "#2"}
			}
		},
		{
			"name": "voxel",
			"from": [12, 13, 10],
			"to": [13, 14, 12],
			"faces": {
				"east": {"uv": [13, 1, 15, 3], "texture": "#2"},
				"south": {"uv": [13, 1, 15, 3], "texture": "#2"},
				"up": {"uv": [13, 1, 15, 3], "texture": "#2"}
			}
		},
		{
			"name": "voxel",
			"from": [3, 13, 10],
			"to": [4, 14, 12],
			"faces": {
				"south": {"uv": [13, 1, 15, 3], "texture": "#2"},
				"west": {"uv": [13, 1, 15, 3], "texture": "#2"},
				"up": {"uv": [13, 1, 15, 3], "texture": "#2"}
			}
		},
		{
			"name": "voxel",
			"from": [2, 13, 6],
			"to": [3, 14, 10],
			"faces": {
				"south": {"uv": [13, 1, 15, 3], "texture": "#2"},
				"west": {"uv": [13, 1, 15, 3], "texture": "#2"},
				"up": {"uv": [13, 1, 15, 3], "texture": "#2"}
			}
		},
		{
			"name": "voxel",
			"from": [13, 13, 5],
			"to": [14, 14, 11],
			"faces": {
				"north": {"uv": [13, 1, 15, 3], "texture": "#2"},
				"east": {"uv": [13, 1, 15, 3], "texture": "#2"},
				"south": {"uv": [13, 1, 15, 3], "texture": "#2"},
				"up": {"uv": [13, 1, 15, 3], "texture": "#2"}
			}
		},
		{
			"name": "voxel",
			"from": [2, 13, 5],
			"to": [4, 14, 6],
			"faces": {
				"north": {"uv": [13, 1, 15, 3], "texture": "#2"},
				"west": {"uv": [13, 1, 15, 3], "texture": "#2"},
				"up": {"uv": [13, 1, 15, 3], "texture": "#2"}
			}
		},
		{
			"name": "voxel",
			"from": [12, 13, 4],
			"to": [13, 14, 6],
			"faces": {
				"north": {"uv": [13, 1, 15, 3], "texture": "#2"},
				"east": {"uv": [13, 1, 15, 3], "texture": "#2"},
				"up": {"uv": [13, 1, 15, 3], "texture": "#2"}
			}
		},
		{
			"name": "voxel",
			"from": [3, 13, 4],
			"to": [5, 14, 5],
			"faces": {
				"north": {"uv": [13, 1, 15, 3], "texture": "#2"},
				"west": {"uv": [13, 1, 15, 3], "texture": "#2"},
				"up": {"uv": [13, 1, 15, 3], "texture": "#2"}
			}
		},
		{
			"name": "voxel",
			"from": [10, 13, 3],
			"to": [12, 14, 4],
			"faces": {
				"north": {"uv": [13, 1, 15, 3], "texture": "#2"},
				"east": {"uv": [13, 1, 15, 3], "texture": "#2"},
				"up": {"uv": [13, 1, 15, 3], "texture": "#2"}
			}
		},
		{
			"name": "voxel",
			"from": [4, 13, 3],
			"to": [6, 14, 4],
			"faces": {
				"north": {"uv": [13, 1, 15, 3], "texture": "#2"},
				"west": {"uv": [13, 1, 15, 3], "texture": "#2"},
				"up": {"uv": [13, 1, 15, 3], "texture": "#2"}
			}
		},
		{
			"name": "voxel",
			"from": [5, 13, 2],
			"to": [11, 14, 3],
			"faces": {
				"north": {"uv": [13, 1, 15, 3], "texture": "#2"},
				"east": {"uv": [13, 1, 15, 3], "texture": "#2"},
				"west": {"uv": [13, 1, 15, 3], "texture": "#2"},
				"up": {"uv": [13, 1, 15, 3], "texture": "#2"}
			}
		},
		{
			"name": "voxel",
			"from": [7, 12, 14],
			"to": [9, 13, 15],
			"faces": {
				"east": {"uv": [13, 1, 15, 3], "texture": "#2"},
				"south": {"uv": [13, 1, 15, 3], "texture": "#2"},
				"west": {"uv": [13, 1, 15, 3], "texture": "#2"},
				"up": {"uv": [13, 1, 15, 3], "texture": "#2"}
			}
		},
		{
			"name": "voxel",
			"from": [9, 12, 13],
			"to": [11, 13, 14],
			"faces": {
				"south": {"uv": [13, 1, 15, 3], "texture": "#2"},
				"up": {"uv": [13, 1, 15, 3], "texture": "#2"}
			}
		},
		{
			"name": "voxel",
			"from": [5, 12, 13],
			"to": [7, 13, 14],
			"faces": {
				"south": {"uv": [13, 1, 15, 3], "texture": "#2"},
				"up": {"uv": [13, 1, 15, 3], "texture": "#2"}
			}
		},
		{
			"name": "voxel",
			"from": [12, 12, 12],
			"to": [13, 13, 13],
			"faces": {
				"east": {"uv": [13, 1, 15, 3], "texture": "#2"},
				"south": {"uv": [13, 1, 15, 3], "texture": "#2"},
				"up": {"uv": [13, 1, 15, 3], "texture": "#2"}
			}
		},
		{
			"name": "voxel",
			"from": [3, 12, 12],
			"to": [4, 13, 13],
			"faces": {
				"south": {"uv": [13, 1, 15, 3], "texture": "#2"},
				"west": {"uv": [13, 1, 15, 3], "texture": "#2"},
				"up": {"uv": [13, 1, 15, 3], "texture": "#2"}
			}
		},
		{
			"name": "voxel",
			"from": [13, 12, 10],
			"to": [14, 13, 12],
			"faces": {
				"east": {"uv": [13, 1, 15, 3], "texture": "#2"},
				"south": {"uv": [13, 1, 15, 3], "texture": "#2"},
				"up": {"uv": [13, 1, 15, 3], "texture": "#2"}
			}
		},
		{
			"name": "voxel",
			"from": [2, 12, 10],
			"to": [3, 13, 12],
			"faces": {
				"south": {"uv": [13, 1, 15, 3], "texture": "#2"},
				"west": {"uv": [13, 1, 15, 3], "texture": "#2"},
				"up": {"uv": [13, 1, 15, 3], "texture": "#2"}
			}
		},
		{
			"name": "voxel",
			"from": [1, 12, 9],
			"to": [2, 13, 10],
			"faces": {
				"south": {"uv": [13, 1, 15, 3], "texture": "#2"},
				"west": {"uv": [13, 1, 15, 3], "texture": "#2"},
				"up": {"uv": [13, 1, 15, 3], "texture": "#2"}
			}
		},
		{
			"name": "voxel",
			"from": [1, 12, 6],
			"to": [2, 13, 7],
			"faces": {
				"north": {"uv": [13, 1, 15, 3], "texture": "#2"},
				"west": {"uv": [13, 1, 15, 3], "texture": "#2"},
				"up": {"uv": [13, 1, 15, 3], "texture": "#2"}
			}
		},
		{
			"name": "voxel",
			"from": [13, 12, 4],
			"to": [14, 13, 6],
			"faces": {
				"north": {"uv": [13, 1, 15, 3], "texture": "#2"},
				"east": {"uv": [13, 1, 15, 3], "texture": "#2"},
				"up": {"uv": [13, 1, 15, 3], "texture": "#2"}
			}
		},
		{
			"name": "voxel",
			"from": [2, 12, 4],
			"to": [3, 13, 6],
			"faces": {
				"north": {"uv": [13, 1, 15, 3], "texture": "#2"},
				"west": {"uv": [13, 1, 15, 3], "texture": "#2"},
				"up": {"uv": [13, 1, 15, 3], "texture": "#2"}
			}
		},
		{
			"name": "voxel",
			"from": [12, 12, 3],
			"to": [13, 13, 4],
			"faces": {
				"north": {"uv": [13, 1, 15, 3], "texture": "#2"},
				"east": {"uv": [13, 1, 15, 3], "texture": "#2"},
				"up": {"uv": [13, 1, 15, 3], "texture": "#2"}
			}
		},
		{
			"name": "voxel",
			"from": [3, 12, 3],
			"to": [4, 13, 4],
			"faces": {
				"north": {"uv": [13, 1, 15, 3], "texture": "#2"},
				"west": {"uv": [13, 1, 15, 3], "texture": "#2"},
				"up": {"uv": [13, 1, 15, 3], "texture": "#2"}
			}
		},
		{
			"name": "voxel",
			"from": [10, 12, 2],
			"to": [12, 13, 3],
			"faces": {
				"north": {"uv": [13, 1, 15, 3], "texture": "#2"},
				"east": {"uv": [13, 1, 15, 3], "texture": "#2"},
				"up": {"uv": [13, 1, 15, 3], "texture": "#2"}
			}
		},
		{
			"name": "voxel",
			"from": [4, 12, 2],
			"to": [6, 13, 3],
			"faces": {
				"north": {"uv": [13, 1, 15, 3], "texture": "#2"},
				"west": {"uv": [13, 1, 15, 3], "texture": "#2"},
				"up": {"uv": [13, 1, 15, 3], "texture": "#2"}
			}
		},
		{
			"name": "voxel",
			"from": [5, 11, 14],
			"to": [11, 12, 15],
			"faces": {
				"east": {"uv": [13, 1, 15, 3], "texture": "#2"},
				"south": {"uv": [13, 1, 15, 3], "texture": "#2"},
				"west": {"uv": [13, 1, 15, 3], "texture": "#2"},
				"up": {"uv": [13, 1, 15, 3], "texture": "#2"}
			}
		},
		{
			"name": "voxel",
			"from": [11, 11, 13],
			"to": [12, 13, 14],
			"faces": {
				"east": {"uv": [13, 1, 15, 3], "texture": "#2"},
				"south": {"uv": [13, 1, 15, 3], "texture": "#2"},
				"up": {"uv": [13, 1, 15, 3], "texture": "#2"}
			}
		},
		{
			"name": "voxel",
			"from": [4, 11, 13],
			"to": [5, 13, 14],
			"faces": {
				"south": {"uv": [13, 1, 15, 3], "texture": "#2"},
				"west": {"uv": [13, 1, 15, 3], "texture": "#2"},
				"up": {"uv": [13, 1, 15, 3], "texture": "#2"}
			}
		},
		{
			"name": "voxel",
			"from": [1, 11, 7],
			"to": [2, 13, 9],
			"faces": {
				"west": {"uv": [13, 1, 15, 3], "texture": "#2"},
				"up": {"uv": [13, 1, 15, 3], "texture": "#2"},
				"down": {"uv": [13, 1, 15, 3], "texture": "#2"}
			}
		},
		{
			"name": "voxel",
			"from": [14, 11, 6],
			"to": [15, 13, 10],
			"faces": {
				"north": {"uv": [13, 1, 15, 3], "texture": "#2"},
				"east": {"uv": [13, 1, 15, 3], "texture": "#2"},
				"south": {"uv": [13, 1, 15, 3], "texture": "#2"},
				"up": {"uv": [13, 1, 15, 3], "texture": "#2"}
			}
		},
		{
			"name": "voxel",
			"from": [14, 11, 4],
			"to": [15, 12, 5],
			"faces": {
				"north": {"uv": [13, 1, 15, 3], "texture": "#2"},
				"east": {"uv": [13, 1, 15, 3], "texture": "#2"},
				"up": {"uv": [13, 1, 15, 3], "texture": "#2"}
			}
		},
		{
			"name": "voxel",
			"from": [13, 11, 3],
			"to": [14, 12, 4],
			"faces": {
				"north": {"uv": [13, 1, 15, 3], "texture": "#2"},
				"east": {"uv": [13, 1, 15, 3], "texture": "#2"},
				"up": {"uv": [13, 1, 15, 3], "texture": "#2"}
			}
		},
		{
			"name": "voxel",
			"from": [6, 11, 1],
			"to": [10, 13, 2],
			"faces": {
				"north": {"uv": [13, 1, 15, 3], "texture": "#2"},
				"east": {"uv": [13, 1, 15, 3], "texture": "#2"},
				"west": {"uv": [13, 1, 15, 3], "texture": "#2"},
				"up": {"uv": [13, 1, 15, 3], "texture": "#2"}
			}
		},
		{
			"name": "voxel",
			"from": [6, 10, 15],
			"to": [10, 11, 16],
			"faces": {
				"east": {"uv": [13, 1, 15, 3], "texture": "#2"},
				"south": {"uv": [13, 1, 15, 3], "texture": "#2", "cullface": "south"},
				"west": {"uv": [13, 1, 15, 3], "texture": "#2"},
				"up": {"uv": [13, 1, 15, 3], "texture": "#2"}
			}
		},
		{
			"name": "voxel",
			"from": [10, 10, 14],
			"to": [12, 11, 15],
			"faces": {
				"east": {"uv": [13, 1, 15, 3], "texture": "#2"},
				"south": {"uv": [13, 1, 15, 3], "texture": "#2"},
				"up": {"uv": [13, 1, 15, 3], "texture": "#2"}
			}
		},
		{
			"name": "voxel",
			"from": [4, 10, 14],
			"to": [6, 11, 15],
			"faces": {
				"south": {"uv": [13, 1, 15, 3], "texture": "#2"},
				"west": {"uv": [13, 1, 15, 3], "texture": "#2"},
				"up": {"uv": [13, 1, 15, 3], "texture": "#2"}
			}
		},
		{
			"name": "voxel",
			"from": [12, 10, 13],
			"to": [13, 12, 14],
			"faces": {
				"east": {"uv": [13, 1, 15, 3], "texture": "#2"},
				"south": {"uv": [13, 1, 15, 3], "texture": "#2"},
				"up": {"uv": [13, 1, 15, 3], "texture": "#2"}
			}
		},
		{
			"name": "voxel",
			"from": [3, 10, 13],
			"to": [4, 12, 14],
			"faces": {
				"south": {"uv": [13, 1, 15, 3], "texture": "#2"},
				"west": {"uv": [13, 1, 15, 3], "texture": "#2"},
				"up": {"uv": [13, 1, 15, 3], "texture": "#2"}
			}
		},
		{
			"name": "voxel",
			"from": [13, 10, 12],
			"to": [14, 12, 13],
			"faces": {
				"east": {"uv": [13, 1, 15, 3], "texture": "#2"},
				"south": {"uv": [13, 1, 15, 3], "texture": "#2"},
				"up": {"uv": [13, 1, 15, 3], "texture": "#2"}
			}
		},
		{
			"name": "voxel",
			"from": [2, 10, 12],
			"to": [3, 12, 13],
			"faces": {
				"south": {"uv": [13, 1, 15, 3], "texture": "#2"},
				"west": {"uv": [13, 1, 15, 3], "texture": "#2"},
				"up": {"uv": [13, 1, 15, 3], "texture": "#2"}
			}
		},
		{
			"name": "voxel",
			"from": [14, 10, 10],
			"to": [15, 12, 12],
			"faces": {
				"east": {"uv": [13, 1, 15, 3], "texture": "#2"},
				"south": {"uv": [13, 1, 15, 3], "texture": "#2"},
				"up": {"uv": [13, 1, 15, 3], "texture": "#2"}
			}
		},
		{
			"name": "voxel",
			"from": [1, 10, 9],
			"to": [2, 12, 12],
			"faces": {
				"north": {"uv": [13, 1, 15, 3], "texture": "#2"},
				"south": {"uv": [13, 1, 15, 3], "texture": "#2"},
				"west": {"uv": [13, 1, 15, 3], "texture": "#2"},
				"up": {"uv": [13, 1, 15, 3], "texture": "#2"},
				"down": {"uv": [13, 1, 15, 3], "texture": "#2"}
			}
		},
		{
			"name": "voxel",
			"from": [2, 10, 7],
			"to": [3, 11, 9],
			"faces": {
				"west": {"uv": [9, 1, 11, 3], "texture": "#2"}
			}
		},
		{
			"name": "voxel",
			"from": [15, 10, 6],
			"to": [16, 11, 10],
			"faces": {
				"north": {"uv": [13, 1, 15, 3], "texture": "#2"},
				"east": {"uv": [13, 1, 15, 3], "texture": "#2", "cullface": "east"},
				"south": {"uv": [13, 1, 15, 3], "texture": "#2"},
				"up": {"uv": [13, 1, 15, 3], "texture": "#2"}
			}
		},
		{
			"name": "voxel",
			"from": [14, 10, 5],
			"to": [15, 12, 6],
			"faces": {
				"east": {"uv": [13, 1, 15, 3], "texture": "#2"},
				"up": {"uv": [13, 1, 15, 3], "texture": "#2"}
			}
		},
		{
			"name": "voxel",
			"from": [1, 10, 4],
			"to": [2, 12, 7],
			"faces": {
				"north": {"uv": [13, 1, 15, 3], "texture": "#2"},
				"south": {"uv": [13, 1, 15, 3], "texture": "#2"},
				"west": {"uv": [13, 1, 15, 3], "texture": "#2"},
				"up": {"uv": [13, 1, 15, 3], "texture": "#2"},
				"down": {"uv": [13, 1, 15, 3], "texture": "#2"}
			}
		},
		{
			"name": "voxel",
			"from": [2, 10, 3],
			"to": [3, 12, 4],
			"faces": {
				"north": {"uv": [13, 1, 15, 3], "texture": "#2"},
				"west": {"uv": [13, 1, 15, 3], "texture": "#2"},
				"up": {"uv": [13, 1, 15, 3], "texture": "#2"}
			}
		},
		{
			"name": "voxel",
			"from": [12, 10, 2],
			"to": [13, 12, 3],
			"faces": {
				"north": {"uv": [13, 1, 15, 3], "texture": "#2"},
				"east": {"uv": [13, 1, 15, 3], "texture": "#2"},
				"up": {"uv": [13, 1, 15, 3], "texture": "#2"}
			}
		},
		{
			"name": "voxel",
			"from": [3, 10, 2],
			"to": [4, 12, 3],
			"faces": {
				"north": {"uv": [13, 1, 15, 3], "texture": "#2"},
				"west": {"uv": [13, 1, 15, 3], "texture": "#2"},
				"up": {"uv": [13, 1, 15, 3], "texture": "#2"}
			}
		},
		{
			"name": "voxel",
			"from": [10, 10, 1],
			"to": [12, 12, 2],
			"faces": {
				"north": {"uv": [13, 1, 15, 3], "texture": "#2"},
				"east": {"uv": [13, 1, 15, 3], "texture": "#2"},
				"up": {"uv": [13, 1, 15, 3], "texture": "#2"}
			}
		},
		{
			"name": "voxel",
			"from": [4, 10, 1],
			"to": [6, 12, 2],
			"faces": {
				"north": {"uv": [13, 1, 15, 3], "texture": "#2"},
				"west": {"uv": [13, 1, 15, 3], "texture": "#2"},
				"up": {"uv": [13, 1, 15, 3], "texture": "#2"}
			}
		},
		{
			"name": "voxel",
			"from": [6, 10, 0],
			"to": [10, 11, 1],
			"faces": {
				"north": {"uv": [13, 1, 15, 3], "texture": "#2", "cullface": "north"},
				"east": {"uv": [13, 1, 15, 3], "texture": "#2"},
				"west": {"uv": [13, 1, 15, 3], "texture": "#2"},
				"up": {"uv": [13, 1, 15, 3], "texture": "#2"}
			}
		},
		{
			"name": "voxel",
			"from": [5, 9, 15],
			"to": [11, 10, 16],
			"faces": {
				"east": {"uv": [13, 1, 15, 3], "texture": "#2"},
				"south": {"uv": [13, 1, 15, 3], "texture": "#2", "cullface": "south"},
				"west": {"uv": [13, 1, 15, 3], "texture": "#2"},
				"up": {"uv": [13, 1, 15, 3], "texture": "#2"},
				"down": {"uv": [13, 1, 15, 3], "texture": "#2"}
			}
		},
		{
			"name": "voxel",
			"from": [11, 9, 14],
			"to": [13, 10, 15],
			"faces": {
				"east": {"uv": [13, 1, 15, 3], "texture": "#2"},
				"south": {"uv": [13, 1, 15, 3], "texture": "#2"},
				"up": {"uv": [13, 1, 15, 3], "texture": "#2"},
				"down": {"uv": [13, 1, 15, 3], "texture": "#2"}
			}
		},
		{
			"name": "voxel",
			"from": [3, 9, 14],
			"to": [5, 10, 15],
			"faces": {
				"south": {"uv": [13, 1, 15, 3], "texture": "#2"},
				"west": {"uv": [13, 1, 15, 3], "texture": "#2"},
				"up": {"uv": [13, 1, 15, 3], "texture": "#2"},
				"down": {"uv": [13, 1, 15, 3], "texture": "#2"}
			}
		},
		{
			"name": "voxel",
			"from": [13, 9, 13],
			"to": [14, 11, 14],
			"faces": {
				"east": {"uv": [13, 1, 15, 3], "texture": "#2"},
				"south": {"uv": [13, 1, 15, 3], "texture": "#2"},
				"up": {"uv": [13, 1, 15, 3], "texture": "#2"},
				"down": {"uv": [13, 1, 15, 3], "texture": "#2"}
			}
		},
		{
			"name": "voxel",
			"from": [2, 9, 13],
			"to": [3, 10, 14],
			"faces": {
				"south": {"uv": [13, 1, 15, 3], "texture": "#2"},
				"west": {"uv": [13, 1, 15, 3], "texture": "#2"},
				"up": {"uv": [13, 1, 15, 3], "texture": "#2"},
				"down": {"uv": [13, 1, 15, 3], "texture": "#2"}
			}
		},
		{
			"name": "voxel",
			"from": [14, 9, 11],
			"to": [15, 10, 13],
			"faces": {
				"east": {"uv": [13, 1, 15, 3], "texture": "#2"},
				"south": {"uv": [13, 1, 15, 3], "texture": "#2"},
				"up": {"uv": [13, 1, 15, 3], "texture": "#2"},
				"down": {"uv": [13, 1, 15, 3], "texture": "#2"}
			}
		},
		{
			"name": "voxel",
			"from": [1, 9, 11],
			"to": [2, 10, 13],
			"faces": {
				"north": {"uv": [13, 1, 15, 3], "texture": "#2"},
				"south": {"uv": [13, 1, 15, 3], "texture": "#2"},
				"west": {"uv": [13, 1, 15, 3], "texture": "#2"},
				"up": {"uv": [13, 1, 15, 3], "texture": "#2"},
				"down": {"uv": [13, 1, 15, 3], "texture": "#2"}
			}
		},
		{
			"name": "voxel",
			"from": [2, 9, 9],
			"to": [3, 10, 11],
			"faces": {
				"west": {"uv": [9, 1, 11, 3], "texture": "#2"}
			}
		},
		{
			"name": "voxel",
			"from": [1, 9, 7],
			"to": [2, 10, 9],
			"faces": {
				"north": {"uv": [1, 1, 3, 3], "texture": "#2"},
				"south": {"uv": [1, 1, 3, 3], "texture": "#2"},
				"west": {"uv": [1, 1, 3, 3], "texture": "#2"},
				"up": {"uv": [1, 1, 3, 3], "texture": "#2"}
			}
		},
		{
			"name": "voxel",
			"from": [15, 9, 5],
			"to": [16, 10, 11],
			"faces": {
				"north": {"uv": [13, 1, 15, 3], "texture": "#2"},
				"east": {"uv": [13, 1, 15, 3], "texture": "#2", "cullface": "east"},
				"south": {"uv": [13, 1, 15, 3], "texture": "#2"},
				"up": {"uv": [13, 1, 15, 3], "texture": "#2"},
				"down": {"uv": [13, 1, 15, 3], "texture": "#2"}
			}
		},
		{
			"name": "voxel",
			"from": [2, 9, 5],
			"to": [3, 10, 7],
			"faces": {
				"west": {"uv": [9, 1, 11, 3], "texture": "#2"}
			}
		},
		{
			"name": "voxel",
			"from": [14, 9, 3],
			"to": [15, 11, 5],
			"faces": {
				"north": {"uv": [13, 1, 15, 3], "texture": "#2"},
				"east": {"uv": [13, 1, 15, 3], "texture": "#2"},
				"up": {"uv": [13, 1, 15, 3], "texture": "#2"},
				"down": {"uv": [13, 1, 15, 3], "texture": "#2"}
			}
		},
		{
			"name": "voxel",
			"from": [1, 9, 3],
			"to": [2, 10, 5],
			"faces": {
				"north": {"uv": [13, 1, 15, 3], "texture": "#2"},
				"south": {"uv": [13, 1, 15, 3], "texture": "#2"},
				"west": {"uv": [13, 1, 15, 3], "texture": "#2"},
				"up": {"uv": [13, 1, 15, 3], "texture": "#2"},
				"down": {"uv": [13, 1, 15, 3], "texture": "#2"}
			}
		},
		{
			"name": "voxel",
			"from": [13, 9, 2],
			"to": [14, 11, 3],
			"faces": {
				"north": {"uv": [13, 1, 15, 3], "texture": "#2"},
				"east": {"uv": [13, 1, 15, 3], "texture": "#2"},
				"up": {"uv": [13, 1, 15, 3], "texture": "#2"},
				"down": {"uv": [13, 1, 15, 3], "texture": "#2"}
			}
		},
		{
			"name": "voxel",
			"from": [2, 9, 2],
			"to": [3, 11, 3],
			"faces": {
				"north": {"uv": [13, 1, 15, 3], "texture": "#2"},
				"west": {"uv": [13, 1, 15, 3], "texture": "#2"},
				"up": {"uv": [13, 1, 15, 3], "texture": "#2"},
				"down": {"uv": [13, 1, 15, 3], "texture": "#2"}
			}
		},
		{
			"name": "voxel",
			"from": [11, 9, 1],
			"to": [13, 10, 2],
			"faces": {
				"north": {"uv": [13, 1, 15, 3], "texture": "#2"},
				"east": {"uv": [13, 1, 15, 3], "texture": "#2"},
				"up": {"uv": [13, 1, 15, 3], "texture": "#2"},
				"down": {"uv": [13, 1, 15, 3], "texture": "#2"}
			}
		},
		{
			"name": "voxel",
			"from": [3, 9, 1],
			"to": [5, 10, 2],
			"faces": {
				"north": {"uv": [13, 1, 15, 3], "texture": "#2"},
				"west": {"uv": [13, 1, 15, 3], "texture": "#2"},
				"up": {"uv": [13, 1, 15, 3], "texture": "#2"},
				"down": {"uv": [13, 1, 15, 3], "texture": "#2"}
			}
		},
		{
			"name": "voxel",
			"from": [5, 9, 0],
			"to": [11, 10, 1],
			"faces": {
				"north": {"uv": [13, 1, 15, 3], "texture": "#2", "cullface": "north"},
				"east": {"uv": [13, 1, 15, 3], "texture": "#2"},
				"west": {"uv": [13, 1, 15, 3], "texture": "#2"},
				"up": {"uv": [13, 1, 15, 3], "texture": "#2"},
				"down": {"uv": [13, 1, 15, 3], "texture": "#2"}
			}
		},
		{
			"name": "voxel",
			"from": [5, 7, 14],
			"to": [11, 9, 15],
			"faces": {
				"east": {"uv": [9, 1, 11, 3], "texture": "#2"},
				"south": {"uv": [9, 1, 11, 3], "texture": "#2"},
				"west": {"uv": [9, 1, 11, 3], "texture": "#2"}
			}
		},
		{
			"name": "voxel",
			"from": [11, 7, 13],
			"to": [13, 9, 14],
			"faces": {
				"east": {"uv": [9, 1, 11, 3], "texture": "#2"},
				"south": {"uv": [9, 1, 11, 3], "texture": "#2"}
			}
		},
		{
			"name": "voxel",
			"from": [3, 7, 13],
			"to": [5, 9, 14],
			"faces": {
				"south": {"uv": [9, 1, 11, 3], "texture": "#2"},
				"west": {"uv": [9, 1, 11, 3], "texture": "#2"}
			}
		},
		{
			"name": "voxel",
			"from": [13, 7, 11],
			"to": [14, 9, 13],
			"faces": {
				"east": {"uv": [9, 1, 11, 3], "texture": "#2"},
				"south": {"uv": [9, 1, 11, 3], "texture": "#2"}
			}
		},
		{
			"name": "voxel",
			"from": [2, 7, 10],
			"to": [3, 9, 13],
			"faces": {
				"south": {"uv": [9, 1, 11, 3], "texture": "#2"},
				"west": {"uv": [9, 1, 11, 3], "texture": "#2"}
			}
		},
		{
			"name": "voxel",
			"from": [1, 7, 9],
			"to": [2, 9, 10],
			"faces": {
				"south": {"uv": [1, 1, 3, 3], "texture": "#2"},
				"west": {"uv": [1, 1, 3, 3], "texture": "#2"},
				"up": {"uv": [1, 1, 3, 3], "texture": "#2"},
				"down": {"uv": [1, 1, 3, 3], "texture": "#2"}
			}
		},
		{
			"name": "voxel",
			"from": [0, 7, 7],
			"to": [1, 9, 9],
			"faces": {
				"north": {"uv": [1, 1, 3, 3], "texture": "#2"},
				"south": {"uv": [1, 1, 3, 3], "texture": "#2"},
				"west": {"uv": [1, 1, 3, 3], "texture": "#2", "cullface": "west"},
				"up": {"uv": [1, 1, 3, 3], "texture": "#2"},
				"down": {"uv": [1, 1, 3, 3], "texture": "#2"}
			}
		},
		{
			"name": "voxel",
			"from": [1, 7, 6],
			"to": [2, 9, 7],
			"faces": {
				"north": {"uv": [1, 1, 3, 3], "texture": "#2"},
				"west": {"uv": [1, 1, 3, 3], "texture": "#2"},
				"up": {"uv": [1, 1, 3, 3], "texture": "#2"},
				"down": {"uv": [1, 1, 3, 3], "texture": "#2"}
			}
		},
		{
			"name": "voxel",
			"from": [14, 7, 5],
			"to": [15, 9, 11],
			"faces": {
				"north": {"uv": [9, 1, 11, 3], "texture": "#2"},
				"east": {"uv": [9, 1, 11, 3], "texture": "#2"},
				"south": {"uv": [9, 1, 11, 3], "texture": "#2"}
			}
		},
		{
			"name": "voxel",
			"from": [13, 7, 3],
			"to": [14, 9, 5],
			"faces": {
				"north": {"uv": [9, 1, 11, 3], "texture": "#2"},
				"east": {"uv": [9, 1, 11, 3], "texture": "#2"}
			}
		},
		{
			"name": "voxel",
			"from": [2, 7, 3],
			"to": [3, 9, 6],
			"faces": {
				"north": {"uv": [9, 1, 11, 3], "texture": "#2"},
				"west": {"uv": [9, 1, 11, 3], "texture": "#2"}
			}
		},
		{
			"name": "voxel",
			"from": [11, 7, 2],
			"to": [13, 9, 3],
			"faces": {
				"north": {"uv": [9, 1, 11, 3], "texture": "#2"},
				"east": {"uv": [9, 1, 11, 3], "texture": "#2"}
			}
		},
		{
			"name": "voxel",
			"from": [3, 7, 2],
			"to": [5, 9, 3],
			"faces": {
				"north": {"uv": [9, 1, 11, 3], "texture": "#2"},
				"west": {"uv": [9, 1, 11, 3], "texture": "#2"}
			}
		},
		{
			"name": "voxel",
			"from": [5, 7, 1],
			"to": [11, 9, 2],
			"faces": {
				"north": {"uv": [9, 1, 11, 3], "texture": "#2"},
				"east": {"uv": [9, 1, 11, 3], "texture": "#2"},
				"west": {"uv": [9, 1, 11, 3], "texture": "#2"}
			}
		},
		{
			"name": "voxel",
			"from": [10, 6, 15],
			"to": [11, 7, 16],
			"faces": {
				"east": {"uv": [1, 1, 3, 3], "texture": "#2"},
				"south": {"uv": [1, 1, 3, 3], "texture": "#2", "cullface": "south"},
				"up": {"uv": [1, 1, 3, 3], "texture": "#2"},
				"down": {"uv": [1, 1, 3, 3], "texture": "#2"}
			}
		},
		{
			"name": "voxel",
			"from": [5, 6, 15],
			"to": [6, 7, 16],
			"faces": {
				"south": {"uv": [1, 1, 3, 3], "texture": "#2", "cullface": "south"},
				"west": {"uv": [1, 1, 3, 3], "texture": "#2"},
				"up": {"uv": [1, 1, 3, 3], "texture": "#2"},
				"down": {"uv": [1, 1, 3, 3], "texture": "#2"}
			}
		},
		{
			"name": "voxel",
			"from": [11, 6, 14],
			"to": [13, 7, 15],
			"faces": {
				"east": {"uv": [1, 1, 3, 3], "texture": "#2"},
				"south": {"uv": [1, 1, 3, 3], "texture": "#2"},
				"up": {"uv": [1, 1, 3, 3], "texture": "#2"},
				"down": {"uv": [1, 1, 3, 3], "texture": "#2"}
			}
		},
		{
			"name": "voxel",
			"from": [3, 6, 14],
			"to": [4, 7, 15],
			"faces": {
				"south": {"uv": [1, 1, 3, 3], "texture": "#2"},
				"west": {"uv": [1, 1, 3, 3], "texture": "#2"},
				"up": {"uv": [1, 1, 3, 3], "texture": "#2"},
				"down": {"uv": [1, 1, 3, 3], "texture": "#2"}
			}
		},
		{
			"name": "voxel",
			"from": [2, 6, 13],
			"to": [3, 7, 14],
			"faces": {
				"south": {"uv": [1, 1, 3, 3], "texture": "#2"},
				"west": {"uv": [1, 1, 3, 3], "texture": "#2"},
				"up": {"uv": [1, 1, 3, 3], "texture": "#2"}
			}
		},
		{
			"name": "voxel",
			"from": [14, 6, 12],
			"to": [15, 7, 13],
			"faces": {
				"east": {"uv": [1, 1, 3, 3], "texture": "#2"},
				"south": {"uv": [1, 1, 3, 3], "texture": "#2"},
				"up": {"uv": [1, 1, 3, 3], "texture": "#2"},
				"down": {"uv": [1, 1, 3, 3], "texture": "#2"}
			}
		},
		{
			"name": "voxel",
			"from": [1, 6, 11],
			"to": [2, 7, 13],
			"faces": {
				"north": {"uv": [1, 1, 3, 3], "texture": "#2"},
				"south": {"uv": [1, 1, 3, 3], "texture": "#2"},
				"west": {"uv": [1, 1, 3, 3], "texture": "#2"},
				"up": {"uv": [1, 1, 3, 3], "texture": "#2"},
				"down": {"uv": [1, 1, 3, 3], "texture": "#2"}
			}
		},
		{
			"name": "voxel",
			"from": [15, 6, 10],
			"to": [16, 7, 11],
			"faces": {
				"east": {"uv": [1, 1, 3, 3], "texture": "#2", "cullface": "east"},
				"south": {"uv": [1, 1, 3, 3], "texture": "#2"},
				"up": {"uv": [1, 1, 3, 3], "texture": "#2"},
				"down": {"uv": [1, 1, 3, 3], "texture": "#2"}
			}
		},
		{
			"name": "voxel",
			"from": [2, 6, 9],
			"to": [3, 7, 11],
			"faces": {
				"west": {"uv": [9, 1, 11, 3], "texture": "#2"}
			}
		},
		{
			"name": "voxel",
			"from": [1, 6, 7],
			"to": [2, 7, 9],
			"faces": {
				"north": {"uv": [1, 1, 3, 3], "texture": "#2"},
				"south": {"uv": [1, 1, 3, 3], "texture": "#2"},
				"west": {"uv": [1, 1, 3, 3], "texture": "#2"},
				"down": {"uv": [1, 1, 3, 3], "texture": "#2"}
			}
		},
		{
			"name": "voxel",
			"from": [15, 6, 5],
			"to": [16, 7, 6],
			"faces": {
				"north": {"uv": [1, 1, 3, 3], "texture": "#2"},
				"east": {"uv": [1, 1, 3, 3], "texture": "#2", "cullface": "east"},
				"up": {"uv": [1, 1, 3, 3], "texture": "#2"},
				"down": {"uv": [1, 1, 3, 3], "texture": "#2"}
			}
		},
		{
			"name": "voxel",
			"from": [2, 6, 5],
			"to": [3, 7, 7],
			"faces": {
				"west": {"uv": [9, 1, 11, 3], "texture": "#2"}
			}
		},
		{
			"name": "voxel",
			"from": [11, 6, 1],
			"to": [12, 7, 2],
			"faces": {
				"north": {"uv": [1, 1, 3, 3], "texture": "#2"},
				"up": {"uv": [1, 1, 3, 3], "texture": "#2"}
			}
		},
		{
			"name": "voxel",
			"from": [4, 6, 1],
			"to": [5, 7, 2],
			"faces": {
				"north": {"uv": [1, 1, 3, 3], "texture": "#2"},
				"up": {"uv": [1, 1, 3, 3], "texture": "#2"}
			}
		},
		{
			"name": "voxel",
			"from": [10, 6, 0],
			"to": [11, 7, 1],
			"faces": {
				"north": {"uv": [1, 1, 3, 3], "texture": "#2", "cullface": "north"},
				"east": {"uv": [1, 1, 3, 3], "texture": "#2"},
				"up": {"uv": [1, 1, 3, 3], "texture": "#2"},
				"down": {"uv": [1, 1, 3, 3], "texture": "#2"}
			}
		},
		{
			"name": "voxel",
			"from": [5, 6, 0],
			"to": [6, 7, 1],
			"faces": {
				"north": {"uv": [1, 1, 3, 3], "texture": "#2", "cullface": "north"},
				"west": {"uv": [1, 1, 3, 3], "texture": "#2"},
				"up": {"uv": [1, 1, 3, 3], "texture": "#2"},
				"down": {"uv": [1, 1, 3, 3], "texture": "#2"}
			}
		},
		{
			"name": "voxel",
			"from": [6, 5, 15],
			"to": [10, 7, 16],
			"faces": {
				"east": {"uv": [1, 1, 3, 3], "texture": "#2"},
				"south": {"uv": [1, 1, 3, 3], "texture": "#2", "cullface": "south"},
				"west": {"uv": [1, 1, 3, 3], "texture": "#2"},
				"up": {"uv": [1, 1, 3, 3], "texture": "#2"},
				"down": {"uv": [1, 1, 3, 3], "texture": "#2"}
			}
		},
		{
			"name": "voxel",
			"from": [4, 5, 14],
			"to": [5, 7, 15],
			"faces": {
				"south": {"uv": [1, 1, 3, 3], "texture": "#2"},
				"west": {"uv": [1, 1, 3, 3], "texture": "#2"},
				"up": {"uv": [1, 1, 3, 3], "texture": "#2"},
				"down": {"uv": [1, 1, 3, 3], "texture": "#2"}
			}
		},
		{
			"name": "voxel",
			"from": [13, 5, 13],
			"to": [14, 7, 14],
			"faces": {
				"east": {"uv": [1, 1, 3, 3], "texture": "#2"},
				"south": {"uv": [1, 1, 3, 3], "texture": "#2"},
				"up": {"uv": [1, 1, 3, 3], "texture": "#2"},
				"down": {"uv": [1, 1, 3, 3], "texture": "#2"}
			}
		},
		{
			"name": "voxel",
			"from": [2, 5, 13],
			"to": [4, 6, 14],
			"faces": {
				"south": {"uv": [1, 1, 3, 3], "texture": "#2"},
				"west": {"uv": [1, 1, 3, 3], "texture": "#2"},
				"down": {"uv": [1, 1, 3, 3], "texture": "#2"}
			}
		},
		{
			"name": "voxel",
			"from": [14, 5, 10],
			"to": [15, 6, 11],
			"faces": {
				"east": {"uv": [1, 1, 3, 3], "texture": "#2"}
			}
		},
		{
			"name": "voxel",
			"from": [1, 5, 9],
			"to": [2, 6, 10],
			"faces": {
				"north": {"uv": [1, 1, 3, 3], "texture": "#2"},
				"west": {"uv": [1, 1, 3, 3], "texture": "#2"},
				"up": {"uv": [1, 1, 3, 3], "texture": "#2"}
			}
		},
		{
			"name": "voxel",
			"from": [2, 5, 7],
			"to": [3, 6, 9],
			"faces": {
				"west": {"uv": [9, 1, 11, 3], "texture": "#2"}
			}
		},
		{
			"name": "voxel",
			"from": [15, 5, 6],
			"to": [16, 7, 10],
			"faces": {
				"north": {"uv": [1, 1, 3, 3], "texture": "#2"},
				"east": {"uv": [1, 1, 3, 3], "texture": "#2", "cullface": "east"},
				"south": {"uv": [1, 1, 3, 3], "texture": "#2"},
				"up": {"uv": [1, 1, 3, 3], "texture": "#2"},
				"down": {"uv": [1, 1, 3, 3], "texture": "#2"}
			}
		},
		{
			"name": "voxel",
			"from": [14, 5, 5],
			"to": [15, 6, 6],
			"faces": {
				"east": {"uv": [1, 1, 3, 3], "texture": "#2"}
			}
		},
		{
			"name": "voxel",
			"from": [1, 5, 5],
			"to": [2, 6, 7],
			"faces": {
				"south": {"uv": [1, 1, 3, 3], "texture": "#2"},
				"west": {"uv": [1, 1, 3, 3], "texture": "#2"},
				"up": {"uv": [1, 1, 3, 3], "texture": "#2"}
			}
		},
		{
			"name": "voxel",
			"from": [14, 5, 3],
			"to": [15, 7, 4],
			"faces": {
				"north": {"uv": [1, 1, 3, 3], "texture": "#2"},
				"east": {"uv": [1, 1, 3, 3], "texture": "#2"},
				"up": {"uv": [1, 1, 3, 3], "texture": "#2"},
				"down": {"uv": [1, 1, 3, 3], "texture": "#2"}
			}
		},
		{
			"name": "voxel",
			"from": [1, 5, 3],
			"to": [2, 7, 4],
			"faces": {
				"north": {"uv": [1, 1, 3, 3], "texture": "#2"},
				"west": {"uv": [1, 1, 3, 3], "texture": "#2"},
				"up": {"uv": [1, 1, 3, 3], "texture": "#2"},
				"down": {"uv": [1, 1, 3, 3], "texture": "#2"}
			}
		},
		{
			"name": "voxel",
			"from": [13, 5, 2],
			"to": [14, 7, 3],
			"faces": {
				"north": {"uv": [1, 1, 3, 3], "texture": "#2"},
				"east": {"uv": [1, 1, 3, 3], "texture": "#2"},
				"up": {"uv": [1, 1, 3, 3], "texture": "#2"},
				"down": {"uv": [1, 1, 3, 3], "texture": "#2"}
			}
		},
		{
			"name": "voxel",
			"from": [2, 5, 2],
			"to": [3, 7, 3],
			"faces": {
				"north": {"uv": [1, 1, 3, 3], "texture": "#2"},
				"west": {"uv": [1, 1, 3, 3], "texture": "#2"},
				"up": {"uv": [1, 1, 3, 3], "texture": "#2"},
				"down": {"uv": [1, 1, 3, 3], "texture": "#2"}
			}
		},
		{
			"name": "voxel",
			"from": [12, 5, 1],
			"to": [13, 7, 2],
			"faces": {
				"north": {"uv": [1, 1, 3, 3], "texture": "#2"},
				"east": {"uv": [1, 1, 3, 3], "texture": "#2"},
				"up": {"uv": [1, 1, 3, 3], "texture": "#2"},
				"down": {"uv": [1, 1, 3, 3], "texture": "#2"}
			}
		},
		{
			"name": "voxel",
			"from": [3, 5, 1],
			"to": [4, 7, 2],
			"faces": {
				"north": {"uv": [1, 1, 3, 3], "texture": "#2"},
				"west": {"uv": [1, 1, 3, 3], "texture": "#2"},
				"up": {"uv": [1, 1, 3, 3], "texture": "#2"},
				"down": {"uv": [1, 1, 3, 3], "texture": "#2"}
			}
		},
		{
			"name": "voxel",
			"from": [6, 5, 0],
			"to": [10, 7, 1],
			"faces": {
				"north": {"uv": [1, 1, 3, 3], "texture": "#2", "cullface": "north"},
				"east": {"uv": [1, 1, 3, 3], "texture": "#2"},
				"west": {"uv": [1, 1, 3, 3], "texture": "#2"},
				"up": {"uv": [1, 1, 3, 3], "texture": "#2"},
				"down": {"uv": [1, 1, 3, 3], "texture": "#2"}
			}
		},
		{
			"name": "voxel",
			"from": [10, 4, 14],
			"to": [12, 6, 15],
			"faces": {
				"east": {"uv": [1, 1, 3, 3], "texture": "#2"},
				"south": {"uv": [1, 1, 3, 3], "texture": "#2"},
				"down": {"uv": [1, 1, 3, 3], "texture": "#2"}
			}
		},
		{
			"name": "voxel",
			"from": [5, 4, 14],
			"to": [6, 6, 15],
			"faces": {
				"south": {"uv": [1, 1, 3, 3], "texture": "#2"},
				"west": {"uv": [1, 1, 3, 3], "texture": "#2"},
				"down": {"uv": [1, 1, 3, 3], "texture": "#2"}
			}
		},
		{
			"name": "voxel",
			"from": [12, 4, 13],
			"to": [13, 6, 14],
			"faces": {
				"east": {"uv": [1, 1, 3, 3], "texture": "#2"},
				"south": {"uv": [1, 1, 3, 3], "texture": "#2"},
				"down": {"uv": [1, 1, 3, 3], "texture": "#2"}
			}
		},
		{
			"name": "voxel",
			"from": [3, 4, 13],
			"to": [5, 5, 14],
			"faces": {
				"south": {"uv": [1, 1, 3, 3], "texture": "#2"},
				"west": {"uv": [1, 1, 3, 3], "texture": "#2"},
				"down": {"uv": [1, 1, 3, 3], "texture": "#2"}
			}
		},
		{
			"name": "voxel",
			"from": [13, 4, 12],
			"to": [14, 6, 13],
			"faces": {
				"east": {"uv": [1, 1, 3, 3], "texture": "#2"},
				"south": {"uv": [1, 1, 3, 3], "texture": "#2"},
				"down": {"uv": [1, 1, 3, 3], "texture": "#2"}
			}
		},
		{
			"name": "voxel",
			"from": [2, 4, 12],
			"to": [3, 6, 13],
			"faces": {
				"south": {"uv": [1, 1, 3, 3], "texture": "#2"},
				"west": {"uv": [1, 1, 3, 3], "texture": "#2"},
				"down": {"uv": [1, 1, 3, 3], "texture": "#2"}
			}
		},
		{
			"name": "voxel",
			"from": [14, 4, 11],
			"to": [15, 7, 12],
			"faces": {
				"east": {"uv": [1, 1, 3, 3], "texture": "#2"},
				"south": {"uv": [1, 1, 3, 3], "texture": "#2"},
				"up": {"uv": [1, 1, 3, 3], "texture": "#2"},
				"down": {"uv": [1, 1, 3, 3], "texture": "#2"}
			}
		},
		{
			"name": "voxel",
			"from": [1, 4, 10],
			"to": [2, 6, 12],
			"faces": {
				"south": {"uv": [1, 1, 3, 3], "texture": "#2"},
				"west": {"uv": [1, 1, 3, 3], "texture": "#2"},
				"up": {"uv": [1, 1, 3, 3], "texture": "#2"},
				"down": {"uv": [1, 1, 3, 3], "texture": "#2"}
			}
		},
		{
			"name": "voxel",
			"from": [14, 4, 4],
			"to": [15, 7, 5],
			"faces": {
				"north": {"uv": [1, 1, 3, 3], "texture": "#2"},
				"east": {"uv": [1, 1, 3, 3], "texture": "#2"},
				"up": {"uv": [1, 1, 3, 3], "texture": "#2"},
				"down": {"uv": [1, 1, 3, 3], "texture": "#2"}
			}
		},
		{
			"name": "voxel",
			"from": [1, 4, 4],
			"to": [2, 7, 5],
			"faces": {
				"north": {"uv": [1, 1, 3, 3], "texture": "#2"},
				"south": {"uv": [1, 1, 3, 3], "texture": "#2"},
				"west": {"uv": [1, 1, 3, 3], "texture": "#2"},
				"up": {"uv": [1, 1, 3, 3], "texture": "#2"},
				"down": {"uv": [1, 1, 3, 3], "texture": "#2"}
			}
		},
		{
			"name": "voxel",
			"from": [13, 4, 3],
			"to": [14, 5, 4],
			"faces": {
				"north": {"uv": [1, 1, 3, 3], "texture": "#2"},
				"east": {"uv": [1, 1, 3, 3], "texture": "#2"},
				"down": {"uv": [1, 1, 3, 3], "texture": "#2"}
			}
		},
		{
			"name": "voxel",
			"from": [2, 4, 3],
			"to": [3, 5, 4],
			"faces": {
				"north": {"uv": [1, 1, 3, 3], "texture": "#2"},
				"west": {"uv": [1, 1, 3, 3], "texture": "#2"},
				"down": {"uv": [1, 1, 3, 3], "texture": "#2"}
			}
		},
		{
			"name": "voxel",
			"from": [12, 4, 2],
			"to": [13, 5, 3],
			"faces": {
				"north": {"uv": [1, 1, 3, 3], "texture": "#2"},
				"east": {"uv": [1, 1, 3, 3], "texture": "#2"},
				"down": {"uv": [1, 1, 3, 3], "texture": "#2"}
			}
		},
		{
			"name": "voxel",
			"from": [3, 4, 2],
			"to": [4, 5, 3],
			"faces": {
				"north": {"uv": [1, 1, 3, 3], "texture": "#2"},
				"west": {"uv": [1, 1, 3, 3], "texture": "#2"},
				"down": {"uv": [1, 1, 3, 3], "texture": "#2"}
			}
		},
		{
			"name": "voxel",
			"from": [10, 4, 1],
			"to": [12, 6, 2],
			"faces": {
				"north": {"uv": [1, 1, 3, 3], "texture": "#2"},
				"east": {"uv": [1, 1, 3, 3], "texture": "#2"},
				"down": {"uv": [1, 1, 3, 3], "texture": "#2"}
			}
		},
		{
			"name": "voxel",
			"from": [4, 4, 1],
			"to": [6, 6, 2],
			"faces": {
				"north": {"uv": [1, 1, 3, 3], "texture": "#2"},
				"west": {"uv": [1, 1, 3, 3], "texture": "#2"},
				"down": {"uv": [1, 1, 3, 3], "texture": "#2"}
			}
		},
		{
			"name": "voxel",
			"from": [6, 3, 14],
			"to": [10, 5, 15],
			"faces": {
				"east": {"uv": [1, 1, 3, 3], "texture": "#2"},
				"south": {"uv": [1, 1, 3, 3], "texture": "#2"},
				"west": {"uv": [1, 1, 3, 3], "texture": "#2"},
				"down": {"uv": [1, 1, 3, 3], "texture": "#2"}
			}
		},
		{
			"name": "voxel",
			"from": [10, 3, 13],
			"to": [12, 4, 14],
			"faces": {
				"east": {"uv": [1, 1, 3, 3], "texture": "#2"},
				"south": {"uv": [1, 1, 3, 3], "texture": "#2"},
				"down": {"uv": [1, 1, 3, 3], "texture": "#2"}
			}
		},
		{
			"name": "voxel",
			"from": [4, 3, 13],
			"to": [6, 4, 14],
			"faces": {
				"south": {"uv": [1, 1, 3, 3], "texture": "#2"},
				"west": {"uv": [1, 1, 3, 3], "texture": "#2"},
				"down": {"uv": [1, 1, 3, 3], "texture": "#2"}
			}
		},
		{
			"name": "voxel",
			"from": [12, 3, 12],
			"to": [13, 4, 13],
			"faces": {
				"east": {"uv": [1, 1, 3, 3], "texture": "#2"},
				"south": {"uv": [1, 1, 3, 3], "texture": "#2"},
				"down": {"uv": [1, 1, 3, 3], "texture": "#2"}
			}
		},
		{
			"name": "voxel",
			"from": [3, 3, 12],
			"to": [4, 4, 13],
			"faces": {
				"south": {"uv": [1, 1, 3, 3], "texture": "#2"},
				"west": {"uv": [1, 1, 3, 3], "texture": "#2"},
				"down": {"uv": [1, 1, 3, 3], "texture": "#2"}
			}
		},
		{
			"name": "voxel",
			"from": [13, 3, 11],
			"to": [14, 4, 12],
			"faces": {
				"east": {"uv": [1, 1, 3, 3], "texture": "#2"},
				"south": {"uv": [1, 1, 3, 3], "texture": "#2"},
				"down": {"uv": [1, 1, 3, 3], "texture": "#2"}
			}
		},
		{
			"name": "voxel",
			"from": [2, 3, 10],
			"to": [3, 4, 12],
			"faces": {
				"south": {"uv": [1, 1, 3, 3], "texture": "#2"},
				"west": {"uv": [1, 1, 3, 3], "texture": "#2"},
				"down": {"uv": [1, 1, 3, 3], "texture": "#2"}
			}
		},
		{
			"name": "voxel",
			"from": [14, 3, 5],
			"to": [15, 5, 11],
			"faces": {
				"north": {"uv": [1, 1, 3, 3], "texture": "#2"},
				"east": {"uv": [1, 1, 3, 3], "texture": "#2"},
				"south": {"uv": [1, 1, 3, 3], "texture": "#2"},
				"down": {"uv": [1, 1, 3, 3], "texture": "#2"}
			}
		},
		{
			"name": "voxel",
			"from": [1, 3, 5],
			"to": [2, 5, 10],
			"faces": {
				"north": {"uv": [1, 1, 3, 3], "texture": "#2"},
				"south": {"uv": [1, 1, 3, 3], "texture": "#2"},
				"west": {"uv": [1, 1, 3, 3], "texture": "#2"},
				"up": {"uv": [1, 1, 3, 3], "texture": "#2"},
				"down": {"uv": [1, 1, 3, 3], "texture": "#2"}
			}
		},
		{
			"name": "voxel",
			"from": [13, 3, 4],
			"to": [14, 4, 5],
			"faces": {
				"north": {"uv": [1, 1, 3, 3], "texture": "#2"},
				"east": {"uv": [1, 1, 3, 3], "texture": "#2"},
				"down": {"uv": [1, 1, 3, 3], "texture": "#2"}
			}
		},
		{
			"name": "voxel",
			"from": [2, 3, 4],
			"to": [3, 4, 5],
			"faces": {
				"north": {"uv": [1, 1, 3, 3], "texture": "#2"},
				"west": {"uv": [1, 1, 3, 3], "texture": "#2"},
				"down": {"uv": [1, 1, 3, 3], "texture": "#2"}
			}
		},
		{
			"name": "voxel",
			"from": [12, 3, 3],
			"to": [13, 4, 4],
			"faces": {
				"north": {"uv": [1, 1, 3, 3], "texture": "#2"},
				"east": {"uv": [1, 1, 3, 3], "texture": "#2"},
				"down": {"uv": [1, 1, 3, 3], "texture": "#2"}
			}
		},
		{
			"name": "voxel",
			"from": [3, 3, 3],
			"to": [4, 4, 4],
			"faces": {
				"north": {"uv": [1, 1, 3, 3], "texture": "#2"},
				"west": {"uv": [1, 1, 3, 3], "texture": "#2"},
				"down": {"uv": [1, 1, 3, 3], "texture": "#2"}
			}
		},
		{
			"name": "voxel",
			"from": [10, 3, 2],
			"to": [12, 4, 3],
			"faces": {
				"north": {"uv": [1, 1, 3, 3], "texture": "#2"},
				"east": {"uv": [1, 1, 3, 3], "texture": "#2"},
				"down": {"uv": [1, 1, 3, 3], "texture": "#2"}
			}
		},
		{
			"name": "voxel",
			"from": [4, 3, 2],
			"to": [6, 4, 3],
			"faces": {
				"north": {"uv": [1, 1, 3, 3], "texture": "#2"},
				"west": {"uv": [1, 1, 3, 3], "texture": "#2"},
				"down": {"uv": [1, 1, 3, 3], "texture": "#2"}
			}
		},
		{
			"name": "voxel",
			"from": [6, 3, 1],
			"to": [10, 5, 2],
			"faces": {
				"north": {"uv": [1, 1, 3, 3], "texture": "#2"},
				"east": {"uv": [1, 1, 3, 3], "texture": "#2"},
				"west": {"uv": [1, 1, 3, 3], "texture": "#2"},
				"down": {"uv": [1, 1, 3, 3], "texture": "#2"}
			}
		},
		{
			"name": "voxel",
			"from": [5, 2, 13],
			"to": [11, 3, 14],
			"faces": {
				"east": {"uv": [1, 1, 3, 3], "texture": "#2"},
				"south": {"uv": [1, 1, 3, 3], "texture": "#2"},
				"west": {"uv": [1, 1, 3, 3], "texture": "#2"},
				"down": {"uv": [1, 1, 3, 3], "texture": "#2"}
			}
		},
		{
			"name": "voxel",
			"from": [10, 2, 12],
			"to": [12, 3, 13],
			"faces": {
				"east": {"uv": [1, 1, 3, 3], "texture": "#2"},
				"south": {"uv": [1, 1, 3, 3], "texture": "#2"},
				"down": {"uv": [1, 1, 3, 3], "texture": "#2"}
			}
		},
		{
			"name": "voxel",
			"from": [4, 2, 12],
			"to": [6, 3, 13],
			"faces": {
				"south": {"uv": [1, 1, 3, 3], "texture": "#2"},
				"west": {"uv": [1, 1, 3, 3], "texture": "#2"},
				"down": {"uv": [1, 1, 3, 3], "texture": "#2"}
			}
		},
		{
			"name": "voxel",
			"from": [12, 2, 10],
			"to": [13, 3, 12],
			"faces": {
				"east": {"uv": [1, 1, 3, 3], "texture": "#2"},
				"south": {"uv": [1, 1, 3, 3], "texture": "#2"},
				"down": {"uv": [1, 1, 3, 3], "texture": "#2"}
			}
		},
		{
			"name": "voxel",
			"from": [3, 2, 10],
			"to": [4, 3, 12],
			"faces": {
				"south": {"uv": [1, 1, 3, 3], "texture": "#2"},
				"west": {"uv": [1, 1, 3, 3], "texture": "#2"},
				"down": {"uv": [1, 1, 3, 3], "texture": "#2"}
			}
		},
		{
			"name": "voxel",
			"from": [13, 2, 5],
			"to": [14, 3, 11],
			"faces": {
				"north": {"uv": [1, 1, 3, 3], "texture": "#2"},
				"east": {"uv": [1, 1, 3, 3], "texture": "#2"},
				"south": {"uv": [1, 1, 3, 3], "texture": "#2"},
				"down": {"uv": [1, 1, 3, 3], "texture": "#2"}
			}
		},
		{
			"name": "voxel",
			"from": [2, 2, 5],
			"to": [3, 3, 11],
			"faces": {
				"north": {"uv": [1, 1, 3, 3], "texture": "#2"},
				"south": {"uv": [1, 1, 3, 3], "texture": "#2"},
				"west": {"uv": [1, 1, 3, 3], "texture": "#2"},
				"down": {"uv": [1, 1, 3, 3], "texture": "#2"}
			}
		},
		{
			"name": "voxel",
			"from": [12, 2, 4],
			"to": [13, 3, 5],
			"faces": {
				"north": {"uv": [1, 1, 3, 3], "texture": "#2"},
				"east": {"uv": [1, 1, 3, 3], "texture": "#2"},
				"down": {"uv": [1, 1, 3, 3], "texture": "#2"}
			}
		},
		{
			"name": "voxel",
			"from": [3, 2, 4],
			"to": [4, 3, 6],
			"faces": {
				"north": {"uv": [1, 1, 3, 3], "texture": "#2"},
				"west": {"uv": [1, 1, 3, 3], "texture": "#2"},
				"down": {"uv": [1, 1, 3, 3], "texture": "#2"}
			}
		},
		{
			"name": "voxel",
			"from": [10, 2, 3],
			"to": [12, 3, 4],
			"faces": {
				"north": {"uv": [1, 1, 3, 3], "texture": "#2"},
				"east": {"uv": [1, 1, 3, 3], "texture": "#2"},
				"down": {"uv": [1, 1, 3, 3], "texture": "#2"}
			}
		},
		{
			"name": "voxel",
			"from": [4, 2, 3],
			"to": [6, 3, 4],
			"faces": {
				"north": {"uv": [1, 1, 3, 3], "texture": "#2"},
				"west": {"uv": [1, 1, 3, 3], "texture": "#2"},
				"down": {"uv": [1, 1, 3, 3], "texture": "#2"}
			}
		},
		{
			"name": "voxel",
			"from": [5, 2, 2],
			"to": [11, 3, 3],
			"faces": {
				"north": {"uv": [1, 1, 3, 3], "texture": "#2"},
				"east": {"uv": [1, 1, 3, 3], "texture": "#2"},
				"west": {"uv": [1, 1, 3, 3], "texture": "#2"},
				"down": {"uv": [1, 1, 3, 3], "texture": "#2"}
			}
		},
		{
			"name": "voxel",
			"from": [6, 1, 11],
			"to": [10, 2, 13],
			"faces": {
				"east": {"uv": [1, 1, 3, 3], "texture": "#2"},
				"south": {"uv": [1, 1, 3, 3], "texture": "#2"},
				"west": {"uv": [1, 1, 3, 3], "texture": "#2"},
				"down": {"uv": [1, 1, 3, 3], "texture": "#2"}
			}
		},
		{
			"name": "voxel",
			"from": [10, 1, 10],
			"to": [11, 2, 12],
			"faces": {
				"south": {"uv": [1, 1, 3, 3], "texture": "#2"},
				"down": {"uv": [1, 1, 3, 3], "texture": "#2"}
			}
		},
		{
			"name": "voxel",
			"from": [4, 1, 10],
			"to": [6, 2, 12],
			"faces": {
				"south": {"uv": [1, 1, 3, 3], "texture": "#2"},
				"west": {"uv": [1, 1, 3, 3], "texture": "#2"},
				"down": {"uv": [1, 1, 3, 3], "texture": "#2"}
			}
		},
		{
			"name": "voxel",
			"from": [11, 1, 6],
			"to": [12, 2, 12],
			"faces": {
				"east": {"uv": [1, 1, 3, 3], "texture": "#2"},
				"south": {"uv": [1, 1, 3, 3], "texture": "#2"},
				"down": {"uv": [1, 1, 3, 3], "texture": "#2"}
			}
		},
		{
			"name": "voxel",
			"from": [3, 1, 6],
			"to": [5, 2, 10],
			"faces": {
				"north": {"uv": [1, 1, 3, 3], "texture": "#2"},
				"south": {"uv": [1, 1, 3, 3], "texture": "#2"},
				"west": {"uv": [1, 1, 3, 3], "texture": "#2"},
				"down": {"uv": [1, 1, 3, 3], "texture": "#2"}
			}
		},
		{
			"name": "voxel",
			"from": [12, 1, 5],
			"to": [13, 2, 10],
			"faces": {
				"north": {"uv": [1, 1, 3, 3], "texture": "#2"},
				"east": {"uv": [1, 1, 3, 3], "texture": "#2"},
				"south": {"uv": [1, 1, 3, 3], "texture": "#2"},
				"down": {"uv": [1, 1, 3, 3], "texture": "#2"}
			}
		},
		{
			"name": "voxel",
			"from": [10, 1, 4],
			"to": [12, 2, 6],
			"faces": {
				"north": {"uv": [1, 1, 3, 3], "texture": "#2"},
				"east": {"uv": [1, 1, 3, 3], "texture": "#2"},
				"down": {"uv": [1, 1, 3, 3], "texture": "#2"}
			}
		},
		{
			"name": "voxel",
			"from": [4, 1, 4],
			"to": [6, 2, 6],
			"faces": {
				"north": {"uv": [1, 1, 3, 3], "texture": "#2"},
				"west": {"uv": [1, 1, 3, 3], "texture": "#2"},
				"down": {"uv": [1, 1, 3, 3], "texture": "#2"}
			}
		},
		{
			"name": "voxel",
			"from": [6, 1, 3],
			"to": [10, 2, 5],
			"faces": {
				"north": {"uv": [1, 1, 3, 3], "texture": "#2"},
				"east": {"uv": [1, 1, 3, 3], "texture": "#2"},
				"west": {"uv": [1, 1, 3, 3], "texture": "#2"},
				"down": {"uv": [1, 1, 3, 3], "texture": "#2"}
			}
		},
		{
			"name": "voxel",
			"from": [10, 0, 6],
			"to": [11, 1, 10],
			"faces": {
				"north": {"uv": [1, 1, 3, 3], "texture": "#2"},
				"east": {"uv": [1, 1, 3, 3], "texture": "#2"},
				"south": {"uv": [1, 1, 3, 3], "texture": "#2"},
				"down": {"uv": [1, 1, 3, 3], "texture": "#2", "cullface": "down"}
			}
		},
		{
			"name": "voxel",
			"from": [5, 0, 6],
			"to": [6, 1, 10],
			"faces": {
				"north": {"uv": [1, 1, 3, 3], "texture": "#2"},
				"south": {"uv": [1, 1, 3, 3], "texture": "#2"},
				"west": {"uv": [1, 1, 3, 3], "texture": "#2"},
				"down": {"uv": [1, 1, 3, 3], "texture": "#2", "cullface": "down"}
			}
		},
		{
			"name": "voxel",
			"from": [6, 0, 5],
			"to": [10, 1, 11],
			"faces": {
				"north": {"uv": [1, 1, 3, 3], "texture": "#2"},
				"east": {"uv": [1, 1, 3, 3], "texture": "#2"},
				"south": {"uv": [1, 1, 3, 3], "texture": "#2"},
				"west": {"uv": [1, 1, 3, 3], "texture": "#2"},
				"down": {"uv": [1, 1, 3, 3], "texture": "#2", "cullface": "down"}
			}
		}
	],
	"display": {
		"thirdperson_righthand": {
			"rotation": [0, -90, -90],
			"translation": [0, 1.25, -0.75],
			"scale": [0.3, 0.3, 0.3]
		},
		"thirdperson_lefthand": {
			"rotation": [0, 90, 90],
			"translation": [0, 1.25, -0.75],
			"scale": [0.3, 0.3, 0.3]
		},
		"firstperson_righthand": {
			"rotation": [-1, -89, -10],
			"translation": [-2.5, 4.5, 3.5],
			"scale": [0.3, 0.3, 0.3]
		},
		"firstperson_lefthand": {
			"rotation": [-1, 89, 10],
			"translation": [-2.5, 4.5, 3.5],
			"scale": [0.3, 0.3, 0.3]
		},
		"ground": {
			"translation": [0, 3, 0],
			"scale": [0.3, 0.3, 0.3]
		},
		"gui": {
			"rotation": [24, 64, -20],
			"scale": [0.6, 0.6, 0.6]
		},
		"head": {
			"rotation": [0, -90, 0],
			"scale": [1.5, 1.5, 1.5]
		},
		"fixed": {
			"rotation": [-90, -90, 0],
			"translation": [0, 0, -4],
			"scale": [0.6, 0.6, 0.6]
		}
	},
	"groups": [
		{
			"name": "voxel_file",
			"origin": [8, 8, 8],
			"color": 0,
			"children": [
				0,
				1,
				2,
				3,
				4,
				5,
				6,
				7,
				8,
				9,
				10,
				11,
				12,
				13,
				14,
				15,
				16,
				17,
				18,
				19,
				20,
				21,
				22,
				23,
				24,
				25,
				26,
				27,
				28,
				29,
				30,
				31,
				32,
				33,
				34,
				35,
				36,
				37,
				38,
				39,
				40,
				41,
				42,
				43,
				44,
				45,
				46,
				47,
				48,
				49,
				50,
				51,
				52,
				53,
				54,
				55,
				56,
				57,
				58,
				59,
				60,
				61,
				62,
				63,
				64,
				65,
				66,
				67,
				68,
				69,
				70,
				71,
				72,
				73,
				74,
				75,
				76,
				77,
				78,
				79,
				80,
				81,
				82,
				83,
				84,
				85,
				86,
				87,
				88,
				89,
				90,
				91,
				92,
				93,
				94,
				95,
				96,
				97,
				98,
				99,
				100,
				101,
				102,
				103,
				104,
				105,
				106,
				107,
				108,
				109,
				110,
				111,
				112,
				113,
				114,
				115,
				116,
				117,
				118,
				119,
				120,
				121,
				122,
				123,
				124,
				125,
				126,
				127,
				128,
				129,
				130,
				131,
				132,
				133,
				134,
				135,
				136,
				137,
				138,
				139,
				140,
				141,
				142,
				143,
				144,
				145,
				146,
				147,
				148,
				149,
				150,
				151,
				152,
				153,
				154,
				155,
				156,
				157,
				158,
				159,
				160,
				161,
				162,
				163,
				164,
				165,
				166,
				167,
				168,
				169,
				170,
				171,
				172,
				173,
				174,
				175,
				176,
				177,
				178,
				179,
				180,
				181,
				182,
				183,
				184,
				185,
				186,
				187,
				188,
				189,
				190,
				191,
				192,
				193
			]
		}
	]
}