{
	"credit": "Made with Blockbench",
	"texture_size": [4, 4],
	"textures": {
		"0": "item/hgg_smp/decorative/dcr_mushroom",
		"particle": "item/hgg_smp/decorative/dcr_mushroom"
	},
	"elements": [
		{
			"name": "voxel",
			"from": [1, 3, 8],
			"to": [2, 5, 11],
			"faces": {
				"north": {"uv": [5, 1, 7, 3], "texture": "#0", "tintindex": 0},
				"east": {"uv": [5, 1, 7, 3], "texture": "#0", "tintindex": 0},
				"south": {"uv": [5, 1, 7, 3], "texture": "#0", "tintindex": 0},
				"west": {"uv": [5, 1, 7, 3], "texture": "#0", "tintindex": 0},
				"up": {"uv": [5, 1, 7, 3], "texture": "#0", "tintindex": 0},
				"down": {"uv": [5, 1, 7, 3], "texture": "#0", "tintindex": 0}
			}
		},
		{
			"name": "voxel",
			"from": [14, 3, 7],
			"to": [15, 5, 11],
			"faces": {
				"north": {"uv": [5, 1, 7, 3], "texture": "#0", "tintindex": 0},
				"east": {"uv": [5, 1, 7, 3], "texture": "#0", "tintindex": 0},
				"south": {"uv": [5, 1, 7, 3], "texture": "#0", "tintindex": 0},
				"west": {"uv": [5, 1, 7, 3], "texture": "#0", "tintindex": 0},
				"up": {"uv": [5, 1, 7, 3], "texture": "#0", "tintindex": 0},
				"down": {"uv": [5, 1, 7, 3], "texture": "#0", "tintindex": 0}
			}
		},
		{
			"name": "voxel",
			"from": [1, 3, 6],
			"to": [3, 4, 8],
			"faces": {
				"north": {"uv": [5, 1, 7, 3], "texture": "#0", "tintindex": 0},
				"east": {"uv": [5, 1, 7, 3], "texture": "#0", "tintindex": 0},
				"south": {"uv": [5, 1, 7, 3], "texture": "#0", "tintindex": 0},
				"west": {"uv": [5, 1, 7, 3], "texture": "#0", "tintindex": 0},
				"up": {"uv": [5, 1, 7, 3], "texture": "#0", "tintindex": 0},
				"down": {"uv": [5, 1, 7, 3], "texture": "#0", "tintindex": 0}
			}
		},
		{
			"name": "voxel",
			"from": [10, 2, 13],
			"to": [11, 4, 14],
			"faces": {
				"north": {"uv": [5, 1, 7, 3], "texture": "#0", "tintindex": 0},
				"east": {"uv": [5, 1, 7, 3], "texture": "#0", "tintindex": 0},
				"south": {"uv": [5, 1, 7, 3], "texture": "#0", "tintindex": 0},
				"west": {"uv": [5, 1, 7, 3], "texture": "#0", "tintindex": 0},
				"up": {"uv": [5, 1, 7, 3], "texture": "#0", "tintindex": 0},
				"down": {"uv": [5, 1, 7, 3], "texture": "#0", "tintindex": 0}
			}
		},
		{
			"name": "voxel",
			"from": [5, 2, 13],
			"to": [6, 5, 14],
			"faces": {
				"north": {"uv": [5, 1, 7, 3], "texture": "#0", "tintindex": 0},
				"east": {"uv": [5, 1, 7, 3], "texture": "#0", "tintindex": 0},
				"south": {"uv": [5, 1, 7, 3], "texture": "#0", "tintindex": 0},
				"west": {"uv": [5, 1, 7, 3], "texture": "#0", "tintindex": 0},
				"up": {"uv": [5, 1, 7, 3], "texture": "#0", "tintindex": 0},
				"down": {"uv": [5, 1, 7, 3], "texture": "#0", "tintindex": 0}
			}
		},
		{
			"name": "voxel",
			"from": [6, 2, 12],
			"to": [10, 3, 14],
			"faces": {
				"north": {"uv": [5, 1, 7, 3], "texture": "#0", "tintindex": 0},
				"east": {"uv": [5, 1, 7, 3], "texture": "#0", "tintindex": 0},
				"south": {"uv": [5, 1, 7, 3], "texture": "#0", "tintindex": 0},
				"west": {"uv": [5, 1, 7, 3], "texture": "#0", "tintindex": 0},
				"up": {"uv": [5, 1, 7, 3], "texture": "#0", "tintindex": 0},
				"down": {"uv": [5, 1, 7, 3], "texture": "#0", "tintindex": 0}
			}
		},
		{
			"name": "voxel",
			"from": [10, 2, 11],
			"to": [12, 3, 13],
			"faces": {
				"north": {"uv": [5, 1, 7, 3], "texture": "#0", "tintindex": 0},
				"east": {"uv": [5, 1, 7, 3], "texture": "#0", "tintindex": 0},
				"south": {"uv": [5, 1, 7, 3], "texture": "#0", "tintindex": 0},
				"west": {"uv": [5, 1, 7, 3], "texture": "#0", "tintindex": 0},
				"up": {"uv": [5, 1, 7, 3], "texture": "#0", "tintindex": 0},
				"down": {"uv": [5, 1, 7, 3], "texture": "#0", "tintindex": 0}
			}
		},
		{
			"name": "voxel",
			"from": [4, 2, 11],
			"to": [6, 3, 13],
			"faces": {
				"north": {"uv": [5, 1, 7, 3], "texture": "#0", "tintindex": 0},
				"east": {"uv": [5, 1, 7, 3], "texture": "#0", "tintindex": 0},
				"south": {"uv": [5, 1, 7, 3], "texture": "#0", "tintindex": 0},
				"west": {"uv": [5, 1, 7, 3], "texture": "#0", "tintindex": 0},
				"up": {"uv": [5, 1, 7, 3], "texture": "#0", "tintindex": 0},
				"down": {"uv": [5, 1, 7, 3], "texture": "#0", "tintindex": 0}
			}
		},
		{
			"name": "voxel",
			"from": [12, 2, 10],
			"to": [13, 4, 12],
			"faces": {
				"north": {"uv": [5, 1, 7, 3], "texture": "#0", "tintindex": 0},
				"east": {"uv": [5, 1, 7, 3], "texture": "#0", "tintindex": 0},
				"south": {"uv": [5, 1, 7, 3], "texture": "#0", "tintindex": 0},
				"west": {"uv": [5, 1, 7, 3], "texture": "#0", "tintindex": 0},
				"up": {"uv": [5, 1, 7, 3], "texture": "#0", "tintindex": 0},
				"down": {"uv": [5, 1, 7, 3], "texture": "#0", "tintindex": 0}
			}
		},
		{
			"name": "voxel",
			"from": [3, 2, 10],
			"to": [4, 3, 12],
			"faces": {
				"north": {"uv": [5, 1, 7, 3], "texture": "#0", "tintindex": 0},
				"east": {"uv": [5, 1, 7, 3], "texture": "#0", "tintindex": 0},
				"south": {"uv": [5, 1, 7, 3], "texture": "#0", "tintindex": 0},
				"west": {"uv": [5, 1, 7, 3], "texture": "#0", "tintindex": 0},
				"up": {"uv": [5, 1, 7, 3], "texture": "#0", "tintindex": 0},
				"down": {"uv": [5, 1, 7, 3], "texture": "#0", "tintindex": 0}
			}
		},
		{
			"name": "voxel",
			"from": [13, 2, 8],
			"to": [14, 3, 10],
			"faces": {
				"north": {"uv": [5, 1, 7, 3], "texture": "#0", "tintindex": 0},
				"east": {"uv": [5, 1, 7, 3], "texture": "#0", "tintindex": 0},
				"south": {"uv": [5, 1, 7, 3], "texture": "#0", "tintindex": 0},
				"west": {"uv": [5, 1, 7, 3], "texture": "#0", "tintindex": 0},
				"up": {"uv": [5, 1, 7, 3], "texture": "#0", "tintindex": 0},
				"down": {"uv": [5, 1, 7, 3], "texture": "#0", "tintindex": 0}
			}
		},
		{
			"name": "voxel",
			"from": [2, 2, 8],
			"to": [3, 3, 10],
			"faces": {
				"north": {"uv": [5, 1, 7, 3], "texture": "#0", "tintindex": 0},
				"east": {"uv": [5, 1, 7, 3], "texture": "#0", "tintindex": 0},
				"south": {"uv": [5, 1, 7, 3], "texture": "#0", "tintindex": 0},
				"west": {"uv": [5, 1, 7, 3], "texture": "#0", "tintindex": 0},
				"up": {"uv": [5, 1, 7, 3], "texture": "#0", "tintindex": 0},
				"down": {"uv": [5, 1, 7, 3], "texture": "#0", "tintindex": 0}
			}
		},
		{
			"name": "voxel",
			"from": [6, 1, 11],
			"to": [10, 3, 12],
			"faces": {
				"north": {"uv": [5, 1, 7, 3], "texture": "#0", "tintindex": 0},
				"east": {"uv": [5, 1, 7, 3], "texture": "#0", "tintindex": 0},
				"south": {"uv": [5, 1, 7, 3], "texture": "#0", "tintindex": 0},
				"west": {"uv": [5, 1, 7, 3], "texture": "#0", "tintindex": 0},
				"up": {"uv": [5, 1, 7, 3], "texture": "#0", "tintindex": 0},
				"down": {"uv": [5, 1, 7, 3], "texture": "#0", "tintindex": 0}
			}
		},
		{
			"name": "voxel",
			"from": [2, 3, 10],
			"to": [3, 5, 12],
			"faces": {
				"north": {"uv": [5, 1, 7, 3], "texture": "#0", "tintindex": 0},
				"east": {"uv": [5, 1, 7, 3], "texture": "#0", "tintindex": 0},
				"south": {"uv": [5, 1, 7, 3], "texture": "#0", "tintindex": 0},
				"west": {"uv": [5, 1, 7, 3], "texture": "#0", "tintindex": 0},
				"up": {"uv": [5, 1, 7, 3], "texture": "#0", "tintindex": 0},
				"down": {"uv": [5, 1, 7, 3], "texture": "#0", "tintindex": 0}
			}
		},
		{
			"name": "voxel",
			"from": [13, 3, 10],
			"to": [14, 5, 12],
			"faces": {
				"north": {"uv": [5, 1, 7, 3], "texture": "#0", "tintindex": 0},
				"east": {"uv": [5, 1, 7, 3], "texture": "#0", "tintindex": 0},
				"south": {"uv": [5, 1, 7, 3], "texture": "#0", "tintindex": 0},
				"west": {"uv": [5, 1, 7, 3], "texture": "#0", "tintindex": 0},
				"up": {"uv": [5, 1, 7, 3], "texture": "#0", "tintindex": 0},
				"down": {"uv": [5, 1, 7, 3], "texture": "#0", "tintindex": 0}
			}
		},
		{
			"name": "voxel",
			"from": [3, 3, 11],
			"to": [5, 4, 13],
			"faces": {
				"north": {"uv": [5, 1, 7, 3], "texture": "#0", "tintindex": 0},
				"east": {"uv": [5, 1, 7, 3], "texture": "#0", "tintindex": 0},
				"south": {"uv": [5, 1, 7, 3], "texture": "#0", "tintindex": 0},
				"west": {"uv": [5, 1, 7, 3], "texture": "#0", "tintindex": 0},
				"up": {"uv": [5, 1, 7, 3], "texture": "#0", "tintindex": 0},
				"down": {"uv": [5, 1, 7, 3], "texture": "#0", "tintindex": 0}
			}
		},
		{
			"name": "voxel",
			"from": [11, 3, 11],
			"to": [12, 4, 14],
			"faces": {
				"north": {"uv": [5, 1, 7, 3], "texture": "#0", "tintindex": 0},
				"east": {"uv": [5, 1, 7, 3], "texture": "#0", "tintindex": 0},
				"south": {"uv": [5, 1, 7, 3], "texture": "#0", "tintindex": 0},
				"west": {"uv": [5, 1, 7, 3], "texture": "#0", "tintindex": 0},
				"up": {"uv": [5, 1, 7, 3], "texture": "#0", "tintindex": 0},
				"down": {"uv": [5, 1, 7, 3], "texture": "#0", "tintindex": 0}
			}
		},
		{
			"name": "voxel",
			"from": [12, 3, 12],
			"to": [13, 6, 13],
			"faces": {
				"north": {"uv": [5, 1, 7, 3], "texture": "#0", "tintindex": 0},
				"east": {"uv": [5, 1, 7, 3], "texture": "#0", "tintindex": 0},
				"south": {"uv": [5, 1, 7, 3], "texture": "#0", "tintindex": 0},
				"west": {"uv": [5, 1, 7, 3], "texture": "#0", "tintindex": 0},
				"up": {"uv": [5, 1, 7, 3], "texture": "#0", "tintindex": 0},
				"down": {"uv": [5, 1, 7, 3], "texture": "#0", "tintindex": 0}
			}
		},
		{
			"name": "voxel",
			"from": [4, 3, 13],
			"to": [5, 12, 14],
			"faces": {
				"north": {"uv": [5, 1, 7, 3], "texture": "#0", "tintindex": 0},
				"east": {"uv": [5, 1, 7, 3], "texture": "#0", "tintindex": 0},
				"south": {"uv": [5, 1, 7, 3], "texture": "#0", "tintindex": 0},
				"west": {"uv": [5, 1, 7, 3], "texture": "#0", "tintindex": 0},
				"up": {"uv": [5, 1, 7, 3], "texture": "#0", "tintindex": 0},
				"down": {"uv": [5, 1, 7, 3], "texture": "#0", "tintindex": 0}
			}
		},
		{
			"name": "voxel",
			"from": [6, 3, 14],
			"to": [7, 4, 15],
			"faces": {
				"north": {"uv": [5, 1, 7, 3], "texture": "#0", "tintindex": 0},
				"east": {"uv": [5, 1, 7, 3], "texture": "#0", "tintindex": 0},
				"south": {"uv": [5, 1, 7, 3], "texture": "#0", "tintindex": 0},
				"west": {"uv": [5, 1, 7, 3], "texture": "#0", "tintindex": 0},
				"up": {"uv": [5, 1, 7, 3], "texture": "#0", "tintindex": 0},
				"down": {"uv": [5, 1, 7, 3], "texture": "#0", "tintindex": 0}
			}
		},
		{
			"name": "voxel",
			"from": [2, 4, 3],
			"to": [5, 6, 5],
			"faces": {
				"north": {"uv": [5, 1, 7, 3], "texture": "#0", "tintindex": 0},
				"east": {"uv": [5, 1, 7, 3], "texture": "#0", "tintindex": 0},
				"south": {"uv": [5, 1, 7, 3], "texture": "#0", "tintindex": 0},
				"west": {"uv": [5, 1, 7, 3], "texture": "#0", "tintindex": 0},
				"up": {"uv": [5, 1, 7, 3], "texture": "#0", "tintindex": 0},
				"down": {"uv": [5, 1, 7, 3], "texture": "#0", "tintindex": 0}
			}
		},
		{
			"name": "voxel",
			"from": [2, 4, 12],
			"to": [3, 12, 13],
			"faces": {
				"north": {"uv": [5, 1, 7, 3], "texture": "#0", "tintindex": 0},
				"east": {"uv": [5, 1, 7, 3], "texture": "#0", "tintindex": 0},
				"south": {"uv": [5, 1, 7, 3], "texture": "#0", "tintindex": 0},
				"west": {"uv": [5, 1, 7, 3], "texture": "#0", "tintindex": 0},
				"up": {"uv": [5, 1, 7, 3], "texture": "#0", "tintindex": 0},
				"down": {"uv": [5, 1, 7, 3], "texture": "#0", "tintindex": 0}
			}
		},
		{
			"name": "voxel",
			"from": [14, 4, 11],
			"to": [15, 7, 12],
			"faces": {
				"north": {"uv": [5, 1, 7, 3], "texture": "#0", "tintindex": 0},
				"east": {"uv": [5, 1, 7, 3], "texture": "#0", "tintindex": 0},
				"south": {"uv": [5, 1, 7, 3], "texture": "#0", "tintindex": 0},
				"west": {"uv": [5, 1, 7, 3], "texture": "#0", "tintindex": 0},
				"up": {"uv": [5, 1, 7, 3], "texture": "#0", "tintindex": 0},
				"down": {"uv": [5, 1, 7, 3], "texture": "#0", "tintindex": 0}
			}
		},
		{
			"name": "voxel",
			"from": [3, 4, 11],
			"to": [4, 5, 14],
			"faces": {
				"north": {"uv": [5, 1, 7, 3], "texture": "#0", "tintindex": 0},
				"east": {"uv": [5, 1, 7, 3], "texture": "#0", "tintindex": 0},
				"south": {"uv": [5, 1, 7, 3], "texture": "#0", "tintindex": 0},
				"west": {"uv": [5, 1, 7, 3], "texture": "#0", "tintindex": 0},
				"up": {"uv": [5, 1, 7, 3], "texture": "#0", "tintindex": 0},
				"down": {"uv": [5, 1, 7, 3], "texture": "#0", "tintindex": 0}
			}
		},
		{
			"name": "voxel",
			"from": [1, 4, 11],
			"to": [2, 7, 12],
			"faces": {
				"north": {"uv": [5, 1, 7, 3], "texture": "#0", "tintindex": 0},
				"east": {"uv": [5, 1, 7, 3], "texture": "#0", "tintindex": 0},
				"south": {"uv": [5, 1, 7, 3], "texture": "#0", "tintindex": 0},
				"west": {"uv": [5, 1, 7, 3], "texture": "#0", "tintindex": 0},
				"up": {"uv": [5, 1, 7, 3], "texture": "#0", "tintindex": 0},
				"down": {"uv": [5, 1, 7, 3], "texture": "#0", "tintindex": 0}
			}
		},
		{
			"name": "voxel",
			"from": [1, 4, 7],
			"to": [2, 5, 8],
			"faces": {
				"north": {"uv": [5, 1, 7, 3], "texture": "#0", "tintindex": 0},
				"east": {"uv": [5, 1, 7, 3], "texture": "#0", "tintindex": 0},
				"south": {"uv": [5, 1, 7, 3], "texture": "#0", "tintindex": 0},
				"west": {"uv": [5, 1, 7, 3], "texture": "#0", "tintindex": 0},
				"up": {"uv": [5, 1, 7, 3], "texture": "#0", "tintindex": 0},
				"down": {"uv": [5, 1, 7, 3], "texture": "#0", "tintindex": 0}
			}
		},
		{
			"name": "voxel",
			"from": [14, 4, 5],
			"to": [15, 6, 7],
			"faces": {
				"north": {"uv": [5, 1, 7, 3], "texture": "#0", "tintindex": 0},
				"east": {"uv": [5, 1, 7, 3], "texture": "#0", "tintindex": 0},
				"south": {"uv": [5, 1, 7, 3], "texture": "#0", "tintindex": 0},
				"west": {"uv": [5, 1, 7, 3], "texture": "#0", "tintindex": 0},
				"up": {"uv": [5, 1, 7, 3], "texture": "#0", "tintindex": 0},
				"down": {"uv": [5, 1, 7, 3], "texture": "#0", "tintindex": 0}
			}
		},
		{
			"name": "voxel",
			"from": [1, 4, 5],
			"to": [3, 5, 7],
			"faces": {
				"north": {"uv": [5, 1, 7, 3], "texture": "#0", "tintindex": 0},
				"east": {"uv": [5, 1, 7, 3], "texture": "#0", "tintindex": 0},
				"south": {"uv": [5, 1, 7, 3], "texture": "#0", "tintindex": 0},
				"west": {"uv": [5, 1, 7, 3], "texture": "#0", "tintindex": 0},
				"up": {"uv": [5, 1, 7, 3], "texture": "#0", "tintindex": 0},
				"down": {"uv": [5, 1, 7, 3], "texture": "#0", "tintindex": 0}
			}
		},
		{
			"name": "voxel",
			"from": [12, 4, 4],
			"to": [14, 5, 5],
			"faces": {
				"north": {"uv": [5, 1, 7, 3], "texture": "#0", "tintindex": 0},
				"east": {"uv": [5, 1, 7, 3], "texture": "#0", "tintindex": 0},
				"south": {"uv": [5, 1, 7, 3], "texture": "#0", "tintindex": 0},
				"west": {"uv": [5, 1, 7, 3], "texture": "#0", "tintindex": 0},
				"up": {"uv": [5, 1, 7, 3], "texture": "#0", "tintindex": 0},
				"down": {"uv": [5, 1, 7, 3], "texture": "#0", "tintindex": 0}
			}
		},
		{
			"name": "voxel",
			"from": [11, 4, 3],
			"to": [14, 7, 4],
			"faces": {
				"north": {"uv": [5, 1, 7, 3], "texture": "#0", "tintindex": 0},
				"east": {"uv": [5, 1, 7, 3], "texture": "#0", "tintindex": 0},
				"south": {"uv": [5, 1, 7, 3], "texture": "#0", "tintindex": 0},
				"west": {"uv": [5, 1, 7, 3], "texture": "#0", "tintindex": 0},
				"up": {"uv": [5, 1, 7, 3], "texture": "#0", "tintindex": 0},
				"down": {"uv": [5, 1, 7, 3], "texture": "#0", "tintindex": 0}
			}
		},
		{
			"name": "voxel",
			"from": [11, 4, 12],
			"to": [12, 5, 15],
			"faces": {
				"north": {"uv": [5, 1, 7, 3], "texture": "#0", "tintindex": 0},
				"east": {"uv": [5, 1, 7, 3], "texture": "#0", "tintindex": 0},
				"south": {"uv": [5, 1, 7, 3], "texture": "#0", "tintindex": 0},
				"west": {"uv": [5, 1, 7, 3], "texture": "#0", "tintindex": 0},
				"up": {"uv": [5, 1, 7, 3], "texture": "#0", "tintindex": 0},
				"down": {"uv": [5, 1, 7, 3], "texture": "#0", "tintindex": 0}
			}
		},
		{
			"name": "voxel",
			"from": [13, 4, 12],
			"to": [14, 11, 13],
			"faces": {
				"north": {"uv": [5, 1, 7, 3], "texture": "#0", "tintindex": 0},
				"east": {"uv": [5, 1, 7, 3], "texture": "#0", "tintindex": 0},
				"south": {"uv": [5, 1, 7, 3], "texture": "#0", "tintindex": 0},
				"west": {"uv": [5, 1, 7, 3], "texture": "#0", "tintindex": 0},
				"up": {"uv": [5, 1, 7, 3], "texture": "#0", "tintindex": 0},
				"down": {"uv": [5, 1, 7, 3], "texture": "#0", "tintindex": 0}
			}
		},
		{
			"name": "voxel",
			"from": [12, 4, 13],
			"to": [13, 12, 14],
			"faces": {
				"north": {"uv": [5, 1, 7, 3], "texture": "#0", "tintindex": 0},
				"east": {"uv": [5, 1, 7, 3], "texture": "#0", "tintindex": 0},
				"south": {"uv": [5, 1, 7, 3], "texture": "#0", "tintindex": 0},
				"west": {"uv": [5, 1, 7, 3], "texture": "#0", "tintindex": 0},
				"up": {"uv": [5, 1, 7, 3], "texture": "#0", "tintindex": 0},
				"down": {"uv": [5, 1, 7, 3], "texture": "#0", "tintindex": 0}
			}
		},
		{
			"name": "voxel",
			"from": [4, 4, 14],
			"to": [6, 5, 15],
			"faces": {
				"north": {"uv": [5, 1, 7, 3], "texture": "#0", "tintindex": 0},
				"east": {"uv": [5, 1, 7, 3], "texture": "#0", "tintindex": 0},
				"south": {"uv": [5, 1, 7, 3], "texture": "#0", "tintindex": 0},
				"west": {"uv": [5, 1, 7, 3], "texture": "#0", "tintindex": 0},
				"up": {"uv": [5, 1, 7, 3], "texture": "#0", "tintindex": 0},
				"down": {"uv": [5, 1, 7, 3], "texture": "#0", "tintindex": 0}
			}
		},
		{
			"name": "voxel",
			"from": [5, 5, 1],
			"to": [11, 7, 3],
			"faces": {
				"north": {"uv": [5, 1, 7, 3], "texture": "#0", "tintindex": 0},
				"east": {"uv": [5, 1, 7, 3], "texture": "#0", "tintindex": 0},
				"south": {"uv": [5, 1, 7, 3], "texture": "#0", "tintindex": 0},
				"west": {"uv": [5, 1, 7, 3], "texture": "#0", "tintindex": 0},
				"up": {"uv": [5, 1, 7, 3], "texture": "#0", "tintindex": 0},
				"down": {"uv": [5, 1, 7, 3], "texture": "#0", "tintindex": 0}
			}
		},
		{
			"name": "voxel",
			"from": [15, 5, 6],
			"to": [16, 6, 7],
			"faces": {
				"north": {"uv": [5, 1, 7, 3], "texture": "#0", "tintindex": 0},
				"east": {"uv": [5, 1, 7, 3], "texture": "#0", "cullface": "east", "tintindex": 0},
				"south": {"uv": [5, 1, 7, 3], "texture": "#0", "tintindex": 0},
				"west": {"uv": [5, 1, 7, 3], "texture": "#0", "tintindex": 0},
				"up": {"uv": [5, 1, 7, 3], "texture": "#0", "tintindex": 0},
				"down": {"uv": [5, 1, 7, 3], "texture": "#0", "tintindex": 0}
			}
		},
		{
			"name": "voxel",
			"from": [0, 5, 6],
			"to": [2, 6, 7],
			"faces": {
				"north": {"uv": [5, 1, 7, 3], "texture": "#0", "tintindex": 0},
				"east": {"uv": [5, 1, 7, 3], "texture": "#0", "tintindex": 0},
				"south": {"uv": [5, 1, 7, 3], "texture": "#0", "tintindex": 0},
				"west": {"uv": [5, 1, 7, 3], "texture": "#0", "cullface": "west", "tintindex": 0},
				"up": {"uv": [5, 1, 7, 3], "texture": "#0", "tintindex": 0},
				"down": {"uv": [5, 1, 7, 3], "texture": "#0", "tintindex": 0}
			}
		},
		{
			"name": "voxel",
			"from": [13, 5, 4],
			"to": [15, 7, 5],
			"faces": {
				"north": {"uv": [5, 1, 7, 3], "texture": "#0", "tintindex": 0},
				"east": {"uv": [5, 1, 7, 3], "texture": "#0", "tintindex": 0},
				"south": {"uv": [5, 1, 7, 3], "texture": "#0", "tintindex": 0},
				"west": {"uv": [5, 1, 7, 3], "texture": "#0", "tintindex": 0},
				"up": {"uv": [5, 1, 7, 3], "texture": "#0", "tintindex": 0},
				"down": {"uv": [5, 1, 7, 3], "texture": "#0", "tintindex": 0}
			}
		},
		{
			"name": "voxel",
			"from": [1, 5, 3],
			"to": [2, 7, 6],
			"faces": {
				"north": {"uv": [5, 1, 7, 3], "texture": "#0", "tintindex": 0},
				"east": {"uv": [5, 1, 7, 3], "texture": "#0", "tintindex": 0},
				"south": {"uv": [5, 1, 7, 3], "texture": "#0", "tintindex": 0},
				"west": {"uv": [5, 1, 7, 3], "texture": "#0", "tintindex": 0},
				"up": {"uv": [5, 1, 7, 3], "texture": "#0", "tintindex": 0},
				"down": {"uv": [5, 1, 7, 3], "texture": "#0", "tintindex": 0}
			}
		},
		{
			"name": "voxel",
			"from": [11, 5, 2],
			"to": [13, 7, 3],
			"faces": {
				"north": {"uv": [5, 1, 7, 3], "texture": "#0", "tintindex": 0},
				"east": {"uv": [5, 1, 7, 3], "texture": "#0", "tintindex": 0},
				"south": {"uv": [5, 1, 7, 3], "texture": "#0", "tintindex": 0},
				"west": {"uv": [5, 1, 7, 3], "texture": "#0", "tintindex": 0},
				"up": {"uv": [5, 1, 7, 3], "texture": "#0", "tintindex": 0},
				"down": {"uv": [5, 1, 7, 3], "texture": "#0", "tintindex": 0}
			}
		},
		{
			"name": "voxel",
			"from": [3, 5, 2],
			"to": [5, 7, 3],
			"faces": {
				"north": {"uv": [5, 1, 7, 3], "texture": "#0", "tintindex": 0},
				"east": {"uv": [5, 1, 7, 3], "texture": "#0", "tintindex": 0},
				"south": {"uv": [5, 1, 7, 3], "texture": "#0", "tintindex": 0},
				"west": {"uv": [5, 1, 7, 3], "texture": "#0", "tintindex": 0},
				"up": {"uv": [5, 1, 7, 3], "texture": "#0", "tintindex": 0},
				"down": {"uv": [5, 1, 7, 3], "texture": "#0", "tintindex": 0}
			}
		},
		{
			"name": "voxel",
			"from": [1, 5, 10],
			"to": [2, 6, 11],
			"faces": {
				"north": {"uv": [5, 1, 7, 3], "texture": "#0", "tintindex": 0},
				"east": {"uv": [5, 1, 7, 3], "texture": "#0", "tintindex": 0},
				"south": {"uv": [5, 1, 7, 3], "texture": "#0", "tintindex": 0},
				"west": {"uv": [5, 1, 7, 3], "texture": "#0", "tintindex": 0},
				"up": {"uv": [5, 1, 7, 3], "texture": "#0", "tintindex": 0},
				"down": {"uv": [5, 1, 7, 3], "texture": "#0", "tintindex": 0}
			}
		},
		{
			"name": "voxel",
			"from": [2, 5, 13],
			"to": [3, 9, 14],
			"faces": {
				"north": {"uv": [5, 1, 7, 3], "texture": "#0", "tintindex": 0},
				"east": {"uv": [5, 1, 7, 3], "texture": "#0", "tintindex": 0},
				"south": {"uv": [5, 1, 7, 3], "texture": "#0", "tintindex": 0},
				"west": {"uv": [5, 1, 7, 3], "texture": "#0", "tintindex": 0},
				"up": {"uv": [5, 1, 7, 3], "texture": "#0", "tintindex": 0},
				"down": {"uv": [5, 1, 7, 3], "texture": "#0", "tintindex": 0}
			}
		},
		{
			"name": "voxel",
			"from": [3, 5, 12],
			"to": [4, 6, 14],
			"faces": {
				"north": {"uv": [5, 1, 7, 3], "texture": "#0", "tintindex": 0},
				"east": {"uv": [5, 1, 7, 3], "texture": "#0", "tintindex": 0},
				"south": {"uv": [5, 1, 7, 3], "texture": "#0", "tintindex": 0},
				"west": {"uv": [5, 1, 7, 3], "texture": "#0", "tintindex": 0},
				"up": {"uv": [5, 1, 7, 3], "texture": "#0", "tintindex": 0},
				"down": {"uv": [5, 1, 7, 3], "texture": "#0", "tintindex": 0}
			}
		},
		{
			"name": "voxel",
			"from": [13, 5, 11],
			"to": [14, 12, 12],
			"faces": {
				"north": {"uv": [5, 1, 7, 3], "texture": "#0", "tintindex": 0},
				"east": {"uv": [5, 1, 7, 3], "texture": "#0", "tintindex": 0},
				"south": {"uv": [5, 1, 7, 3], "texture": "#0", "tintindex": 0},
				"west": {"uv": [5, 1, 7, 3], "texture": "#0", "tintindex": 0},
				"up": {"uv": [5, 1, 7, 3], "texture": "#0", "tintindex": 0},
				"down": {"uv": [5, 1, 7, 3], "texture": "#0", "tintindex": 0}
			}
		},
		{
			"name": "voxel",
			"from": [2, 5, 11],
			"to": [3, 12, 12],
			"faces": {
				"north": {"uv": [5, 1, 7, 3], "texture": "#0", "tintindex": 0},
				"east": {"uv": [5, 1, 7, 3], "texture": "#0", "tintindex": 0},
				"south": {"uv": [5, 1, 7, 3], "texture": "#0", "tintindex": 0},
				"west": {"uv": [5, 1, 7, 3], "texture": "#0", "tintindex": 0},
				"up": {"uv": [5, 1, 7, 3], "texture": "#0", "tintindex": 0},
				"down": {"uv": [5, 1, 7, 3], "texture": "#0", "tintindex": 0}
			}
		},
		{
			"name": "voxel",
			"from": [14, 5, 10],
			"to": [15, 6, 11],
			"faces": {
				"north": {"uv": [5, 1, 7, 3], "texture": "#0", "tintindex": 0},
				"east": {"uv": [5, 1, 7, 3], "texture": "#0", "tintindex": 0},
				"south": {"uv": [5, 1, 7, 3], "texture": "#0", "tintindex": 0},
				"west": {"uv": [5, 1, 7, 3], "texture": "#0", "tintindex": 0},
				"up": {"uv": [5, 1, 7, 3], "texture": "#0", "tintindex": 0},
				"down": {"uv": [5, 1, 7, 3], "texture": "#0", "tintindex": 0}
			}
		},
		{
			"name": "voxel",
			"from": [11, 5, 13],
			"to": [12, 12, 14],
			"faces": {
				"north": {"uv": [5, 1, 7, 3], "texture": "#0", "tintindex": 0},
				"east": {"uv": [5, 1, 7, 3], "texture": "#0", "tintindex": 0},
				"south": {"uv": [5, 1, 7, 3], "texture": "#0", "tintindex": 0},
				"west": {"uv": [5, 1, 7, 3], "texture": "#0", "tintindex": 0},
				"up": {"uv": [5, 1, 7, 3], "texture": "#0", "tintindex": 0},
				"down": {"uv": [5, 1, 7, 3], "texture": "#0", "tintindex": 0}
			}
		},
		{
			"name": "voxel",
			"from": [4, 5, 14],
			"to": [5, 11, 15],
			"faces": {
				"north": {"uv": [5, 1, 7, 3], "texture": "#0", "tintindex": 0},
				"east": {"uv": [5, 1, 7, 3], "texture": "#0", "tintindex": 0},
				"south": {"uv": [5, 1, 7, 3], "texture": "#0", "tintindex": 0},
				"west": {"uv": [5, 1, 7, 3], "texture": "#0", "tintindex": 0},
				"up": {"uv": [5, 1, 7, 3], "texture": "#0", "tintindex": 0},
				"down": {"uv": [5, 1, 7, 3], "texture": "#0", "tintindex": 0}
			}
		},
		{
			"name": "voxel",
			"from": [13, 5, 13],
			"to": [14, 9, 14],
			"faces": {
				"north": {"uv": [5, 1, 7, 3], "texture": "#0", "tintindex": 0},
				"east": {"uv": [5, 1, 7, 3], "texture": "#0", "tintindex": 0},
				"south": {"uv": [5, 1, 7, 3], "texture": "#0", "tintindex": 0},
				"west": {"uv": [5, 1, 7, 3], "texture": "#0", "tintindex": 0},
				"up": {"uv": [5, 1, 7, 3], "texture": "#0", "tintindex": 0},
				"down": {"uv": [5, 1, 7, 3], "texture": "#0", "tintindex": 0}
			}
		},
		{
			"name": "voxel",
			"from": [7, 6, 0],
			"to": [9, 8, 1],
			"faces": {
				"north": {"uv": [5, 1, 7, 3], "texture": "#0", "cullface": "north", "tintindex": 0},
				"east": {"uv": [5, 1, 7, 3], "texture": "#0", "tintindex": 0},
				"south": {"uv": [5, 1, 7, 3], "texture": "#0", "tintindex": 0},
				"west": {"uv": [5, 1, 7, 3], "texture": "#0", "tintindex": 0},
				"up": {"uv": [5, 1, 7, 3], "texture": "#0", "tintindex": 0},
				"down": {"uv": [5, 1, 7, 3], "texture": "#0", "tintindex": 0}
			}
		},
		{
			"name": "voxel",
			"from": [11, 6, 1],
			"to": [13, 10, 2],
			"faces": {
				"north": {"uv": [5, 1, 7, 3], "texture": "#0", "tintindex": 0},
				"east": {"uv": [5, 1, 7, 3], "texture": "#0", "tintindex": 0},
				"south": {"uv": [5, 1, 7, 3], "texture": "#0", "tintindex": 0},
				"west": {"uv": [5, 1, 7, 3], "texture": "#0", "tintindex": 0},
				"up": {"uv": [5, 1, 7, 3], "texture": "#0", "tintindex": 0},
				"down": {"uv": [5, 1, 7, 3], "texture": "#0", "tintindex": 0}
			}
		},
		{
			"name": "voxel",
			"from": [13, 6, 2],
			"to": [14, 10, 3],
			"faces": {
				"north": {"uv": [5, 1, 7, 3], "texture": "#0", "tintindex": 0},
				"east": {"uv": [5, 1, 7, 3], "texture": "#0", "tintindex": 0},
				"south": {"uv": [5, 1, 7, 3], "texture": "#0", "tintindex": 0},
				"west": {"uv": [5, 1, 7, 3], "texture": "#0", "tintindex": 0},
				"up": {"uv": [5, 1, 7, 3], "texture": "#0", "tintindex": 0},
				"down": {"uv": [5, 1, 7, 3], "texture": "#0", "tintindex": 0}
			}
		},
		{
			"name": "voxel",
			"from": [2, 6, 2],
			"to": [3, 11, 4],
			"faces": {
				"north": {"uv": [5, 1, 7, 3], "texture": "#0", "tintindex": 0},
				"east": {"uv": [5, 1, 7, 3], "texture": "#0", "tintindex": 0},
				"south": {"uv": [5, 1, 7, 3], "texture": "#0", "tintindex": 0},
				"west": {"uv": [5, 1, 7, 3], "texture": "#0", "tintindex": 0},
				"up": {"uv": [5, 1, 7, 3], "texture": "#0", "tintindex": 0},
				"down": {"uv": [5, 1, 7, 3], "texture": "#0", "tintindex": 0}
			}
		},
		{
			"name": "voxel",
			"from": [3, 6, 1],
			"to": [5, 10, 2],
			"faces": {
				"north": {"uv": [5, 1, 7, 3], "texture": "#0", "tintindex": 0},
				"east": {"uv": [5, 1, 7, 3], "texture": "#0", "tintindex": 0},
				"south": {"uv": [5, 1, 7, 3], "texture": "#0", "tintindex": 0},
				"west": {"uv": [5, 1, 7, 3], "texture": "#0", "tintindex": 0},
				"up": {"uv": [5, 1, 7, 3], "texture": "#0", "tintindex": 0},
				"down": {"uv": [5, 1, 7, 3], "texture": "#0", "tintindex": 0}
			}
		},
		{
			"name": "voxel",
			"from": [14, 6, 3],
			"to": [15, 10, 4],
			"faces": {
				"north": {"uv": [5, 1, 7, 3], "texture": "#0", "tintindex": 0},
				"east": {"uv": [5, 1, 7, 3], "texture": "#0", "tintindex": 0},
				"south": {"uv": [5, 1, 7, 3], "texture": "#0", "tintindex": 0},
				"west": {"uv": [5, 1, 7, 3], "texture": "#0", "tintindex": 0},
				"up": {"uv": [5, 1, 7, 3], "texture": "#0", "tintindex": 0},
				"down": {"uv": [5, 1, 7, 3], "texture": "#0", "tintindex": 0}
			}
		},
		{
			"name": "voxel",
			"from": [0, 6, 5],
			"to": [1, 7, 6],
			"faces": {
				"north": {"uv": [5, 1, 7, 3], "texture": "#0", "tintindex": 0},
				"east": {"uv": [5, 1, 7, 3], "texture": "#0", "tintindex": 0},
				"south": {"uv": [5, 1, 7, 3], "texture": "#0", "tintindex": 0},
				"west": {"uv": [5, 1, 7, 3], "texture": "#0", "cullface": "west", "tintindex": 0},
				"up": {"uv": [5, 1, 7, 3], "texture": "#0", "tintindex": 0},
				"down": {"uv": [5, 1, 7, 3], "texture": "#0", "tintindex": 0}
			}
		},
		{
			"name": "voxel",
			"from": [14, 6, 5],
			"to": [16, 7, 6],
			"faces": {
				"north": {"uv": [5, 1, 7, 3], "texture": "#0", "tintindex": 0},
				"east": {"uv": [5, 1, 7, 3], "texture": "#0", "cullface": "east", "tintindex": 0},
				"south": {"uv": [5, 1, 7, 3], "texture": "#0", "tintindex": 0},
				"west": {"uv": [5, 1, 7, 3], "texture": "#0", "tintindex": 0},
				"up": {"uv": [5, 1, 7, 3], "texture": "#0", "tintindex": 0},
				"down": {"uv": [5, 1, 7, 3], "texture": "#0", "tintindex": 0}
			}
		},
		{
			"name": "voxel",
			"from": [3, 6, 13],
			"to": [4, 12, 14],
			"faces": {
				"north": {"uv": [5, 1, 7, 3], "texture": "#0", "tintindex": 0},
				"east": {"uv": [5, 1, 7, 3], "texture": "#0", "tintindex": 0},
				"south": {"uv": [5, 1, 7, 3], "texture": "#0", "tintindex": 0},
				"west": {"uv": [5, 1, 7, 3], "texture": "#0", "tintindex": 0},
				"up": {"uv": [5, 1, 7, 3], "texture": "#0", "tintindex": 0},
				"down": {"uv": [5, 1, 7, 3], "texture": "#0", "tintindex": 0}
			}
		},
		{
			"name": "voxel",
			"from": [5, 7, 0],
			"to": [7, 8, 2],
			"faces": {
				"north": {"uv": [5, 1, 7, 3], "texture": "#0", "cullface": "north", "tintindex": 0},
				"east": {"uv": [5, 1, 7, 3], "texture": "#0", "tintindex": 0},
				"south": {"uv": [5, 1, 7, 3], "texture": "#0", "tintindex": 0},
				"west": {"uv": [5, 1, 7, 3], "texture": "#0", "tintindex": 0},
				"up": {"uv": [5, 1, 7, 3], "texture": "#0", "tintindex": 0},
				"down": {"uv": [5, 1, 7, 3], "texture": "#0", "tintindex": 0}
			}
		},
		{
			"name": "voxel",
			"from": [3, 7, 2],
			"to": [4, 12, 3],
			"faces": {
				"north": {"uv": [5, 1, 7, 3], "texture": "#0", "tintindex": 0},
				"east": {"uv": [5, 1, 7, 3], "texture": "#0", "tintindex": 0},
				"south": {"uv": [5, 1, 7, 3], "texture": "#0", "tintindex": 0},
				"west": {"uv": [5, 1, 7, 3], "texture": "#0", "tintindex": 0},
				"up": {"uv": [5, 1, 7, 3], "texture": "#0", "tintindex": 0},
				"down": {"uv": [5, 1, 7, 3], "texture": "#0", "tintindex": 0}
			}
		},
		{
			"name": "voxel",
			"from": [9, 7, 0],
			"to": [11, 8, 2],
			"faces": {
				"north": {"uv": [5, 1, 7, 3], "texture": "#0", "cullface": "north", "tintindex": 0},
				"east": {"uv": [5, 1, 7, 3], "texture": "#0", "tintindex": 0},
				"south": {"uv": [5, 1, 7, 3], "texture": "#0", "tintindex": 0},
				"west": {"uv": [5, 1, 7, 3], "texture": "#0", "tintindex": 0},
				"up": {"uv": [5, 1, 7, 3], "texture": "#0", "tintindex": 0},
				"down": {"uv": [5, 1, 7, 3], "texture": "#0", "tintindex": 0}
			}
		},
		{
			"name": "voxel",
			"from": [12, 7, 2],
			"to": [13, 12, 3],
			"faces": {
				"north": {"uv": [5, 1, 7, 3], "texture": "#0", "tintindex": 0},
				"east": {"uv": [5, 1, 7, 3], "texture": "#0", "tintindex": 0},
				"south": {"uv": [5, 1, 7, 3], "texture": "#0", "tintindex": 0},
				"west": {"uv": [5, 1, 7, 3], "texture": "#0", "tintindex": 0},
				"up": {"uv": [5, 1, 7, 3], "texture": "#0", "tintindex": 0},
				"down": {"uv": [5, 1, 7, 3], "texture": "#0", "tintindex": 0}
			}
		},
		{
			"name": "voxel",
			"from": [1, 7, 3],
			"to": [2, 10, 5],
			"faces": {
				"north": {"uv": [5, 1, 7, 3], "texture": "#0", "tintindex": 0},
				"east": {"uv": [5, 1, 7, 3], "texture": "#0", "tintindex": 0},
				"south": {"uv": [5, 1, 7, 3], "texture": "#0", "tintindex": 0},
				"west": {"uv": [5, 1, 7, 3], "texture": "#0", "tintindex": 0},
				"up": {"uv": [5, 1, 7, 3], "texture": "#0", "tintindex": 0},
				"down": {"uv": [5, 1, 7, 3], "texture": "#0", "tintindex": 0}
			}
		},
		{
			"name": "voxel",
			"from": [13, 7, 3],
			"to": [14, 12, 4],
			"faces": {
				"north": {"uv": [5, 1, 7, 3], "texture": "#0", "tintindex": 0},
				"east": {"uv": [5, 1, 7, 3], "texture": "#0", "tintindex": 0},
				"south": {"uv": [5, 1, 7, 3], "texture": "#0", "tintindex": 0},
				"west": {"uv": [5, 1, 7, 3], "texture": "#0", "tintindex": 0},
				"up": {"uv": [5, 1, 7, 3], "texture": "#0", "tintindex": 0},
				"down": {"uv": [5, 1, 7, 3], "texture": "#0", "tintindex": 0}
			}
		},
		{
			"name": "voxel",
			"from": [14, 7, 4],
			"to": [15, 11, 5],
			"faces": {
				"north": {"uv": [5, 1, 7, 3], "texture": "#0", "tintindex": 0},
				"east": {"uv": [5, 1, 7, 3], "texture": "#0", "tintindex": 0},
				"south": {"uv": [5, 1, 7, 3], "texture": "#0", "tintindex": 0},
				"west": {"uv": [5, 1, 7, 3], "texture": "#0", "tintindex": 0},
				"up": {"uv": [5, 1, 7, 3], "texture": "#0", "tintindex": 0},
				"down": {"uv": [5, 1, 7, 3], "texture": "#0", "tintindex": 0}
			}
		},
		{
			"name": "voxel",
			"from": [3, 7, 14],
			"to": [4, 9, 15],
			"faces": {
				"north": {"uv": [5, 1, 7, 3], "texture": "#0", "tintindex": 0},
				"east": {"uv": [5, 1, 7, 3], "texture": "#0", "tintindex": 0},
				"south": {"uv": [5, 1, 7, 3], "texture": "#0", "tintindex": 0},
				"west": {"uv": [5, 1, 7, 3], "texture": "#0", "tintindex": 0},
				"up": {"uv": [5, 1, 7, 3], "texture": "#0", "tintindex": 0},
				"down": {"uv": [5, 1, 7, 3], "texture": "#0", "tintindex": 0}
			}
		},
		{
			"name": "voxel",
			"from": [12, 7, 14],
			"to": [13, 9, 15],
			"faces": {
				"north": {"uv": [5, 1, 7, 3], "texture": "#0", "tintindex": 0},
				"east": {"uv": [5, 1, 7, 3], "texture": "#0", "tintindex": 0},
				"south": {"uv": [5, 1, 7, 3], "texture": "#0", "tintindex": 0},
				"west": {"uv": [5, 1, 7, 3], "texture": "#0", "tintindex": 0},
				"up": {"uv": [5, 1, 7, 3], "texture": "#0", "tintindex": 0},
				"down": {"uv": [5, 1, 7, 3], "texture": "#0", "tintindex": 0}
			}
		},
		{
			"name": "voxel",
			"from": [5, 8, 0],
			"to": [7, 9, 1],
			"faces": {
				"north": {"uv": [5, 1, 7, 3], "texture": "#0", "cullface": "north", "tintindex": 0},
				"east": {"uv": [5, 1, 7, 3], "texture": "#0", "tintindex": 0},
				"south": {"uv": [5, 1, 7, 3], "texture": "#0", "tintindex": 0},
				"west": {"uv": [5, 1, 7, 3], "texture": "#0", "tintindex": 0},
				"up": {"uv": [5, 1, 7, 3], "texture": "#0", "tintindex": 0},
				"down": {"uv": [5, 1, 7, 3], "texture": "#0", "tintindex": 0}
			}
		},
		{
			"name": "voxel",
			"from": [10, 8, 0],
			"to": [11, 9, 2],
			"faces": {
				"north": {"uv": [5, 1, 7, 3], "texture": "#0", "cullface": "north", "tintindex": 0},
				"east": {"uv": [5, 1, 7, 3], "texture": "#0", "tintindex": 0},
				"south": {"uv": [5, 1, 7, 3], "texture": "#0", "tintindex": 0},
				"west": {"uv": [5, 1, 7, 3], "texture": "#0", "tintindex": 0},
				"up": {"uv": [5, 1, 7, 3], "texture": "#0", "tintindex": 0},
				"down": {"uv": [5, 1, 7, 3], "texture": "#0", "tintindex": 0}
			}
		},
		{
			"name": "voxel",
			"from": [3, 8, 12],
			"to": [4, 12, 13],
			"faces": {
				"north": {"uv": [5, 1, 7, 3], "texture": "#0", "tintindex": 0},
				"east": {"uv": [5, 1, 7, 3], "texture": "#0", "tintindex": 0},
				"south": {"uv": [5, 1, 7, 3], "texture": "#0", "tintindex": 0},
				"west": {"uv": [5, 1, 7, 3], "texture": "#0", "tintindex": 0},
				"up": {"uv": [5, 1, 7, 3], "texture": "#0", "tintindex": 0},
				"down": {"uv": [5, 1, 7, 3], "texture": "#0", "tintindex": 0}
			}
		},
		{
			"name": "voxel",
			"from": [12, 8, 12],
			"to": [13, 12, 13],
			"faces": {
				"north": {"uv": [5, 1, 7, 3], "texture": "#0", "tintindex": 0},
				"east": {"uv": [5, 1, 7, 3], "texture": "#0", "tintindex": 0},
				"south": {"uv": [5, 1, 7, 3], "texture": "#0", "tintindex": 0},
				"west": {"uv": [5, 1, 7, 3], "texture": "#0", "tintindex": 0},
				"up": {"uv": [5, 1, 7, 3], "texture": "#0", "tintindex": 0},
				"down": {"uv": [5, 1, 7, 3], "texture": "#0", "tintindex": 0}
			}
		},
		{
			"name": "voxel",
			"from": [5, 8, 14],
			"to": [6, 9, 16],
			"faces": {
				"north": {"uv": [5, 1, 7, 3], "texture": "#0", "tintindex": 0},
				"east": {"uv": [5, 1, 7, 3], "texture": "#0", "tintindex": 0},
				"south": {"uv": [5, 1, 7, 3], "texture": "#0", "cullface": "south", "tintindex": 0},
				"west": {"uv": [5, 1, 7, 3], "texture": "#0", "tintindex": 0},
				"up": {"uv": [5, 1, 7, 3], "texture": "#0", "tintindex": 0},
				"down": {"uv": [5, 1, 7, 3], "texture": "#0", "tintindex": 0}
			}
		},
		{
			"name": "voxel",
			"from": [11, 8, 14],
			"to": [12, 11, 15],
			"faces": {
				"north": {"uv": [5, 1, 7, 3], "texture": "#0", "tintindex": 0},
				"east": {"uv": [5, 1, 7, 3], "texture": "#0", "tintindex": 0},
				"south": {"uv": [5, 1, 7, 3], "texture": "#0", "tintindex": 0},
				"west": {"uv": [5, 1, 7, 3], "texture": "#0", "tintindex": 0},
				"up": {"uv": [5, 1, 7, 3], "texture": "#0", "tintindex": 0},
				"down": {"uv": [5, 1, 7, 3], "texture": "#0", "tintindex": 0}
			}
		},
		{
			"name": "voxel",
			"from": [5, 9, 0],
			"to": [6, 10, 1],
			"faces": {
				"north": {"uv": [5, 1, 7, 3], "texture": "#0", "cullface": "north", "tintindex": 0},
				"east": {"uv": [5, 1, 7, 3], "texture": "#0", "tintindex": 0},
				"south": {"uv": [5, 1, 7, 3], "texture": "#0", "tintindex": 0},
				"west": {"uv": [5, 1, 7, 3], "texture": "#0", "tintindex": 0},
				"up": {"uv": [5, 1, 7, 3], "texture": "#0", "tintindex": 0},
				"down": {"uv": [5, 1, 7, 3], "texture": "#0", "tintindex": 0}
			}
		},
		{
			"name": "voxel",
			"from": [4, 9, 2],
			"to": [5, 13, 3],
			"faces": {
				"north": {"uv": [5, 1, 7, 3], "texture": "#0", "tintindex": 0},
				"east": {"uv": [5, 1, 7, 3], "texture": "#0", "tintindex": 0},
				"south": {"uv": [5, 1, 7, 3], "texture": "#0", "tintindex": 0},
				"west": {"uv": [5, 1, 7, 3], "texture": "#0", "tintindex": 0},
				"up": {"uv": [5, 1, 7, 3], "texture": "#0", "tintindex": 0},
				"down": {"uv": [5, 1, 7, 3], "texture": "#0", "tintindex": 0}
			}
		},
		{
			"name": "voxel",
			"from": [12, 9, 3],
			"to": [13, 13, 4],
			"faces": {
				"north": {"uv": [5, 1, 7, 3], "texture": "#0", "tintindex": 0},
				"east": {"uv": [5, 1, 7, 3], "texture": "#0", "tintindex": 0},
				"south": {"uv": [5, 1, 7, 3], "texture": "#0", "tintindex": 0},
				"west": {"uv": [5, 1, 7, 3], "texture": "#0", "tintindex": 0},
				"up": {"uv": [5, 1, 7, 3], "texture": "#0", "tintindex": 0},
				"down": {"uv": [5, 1, 7, 3], "texture": "#0", "tintindex": 0}
			}
		},
		{
			"name": "voxel",
			"from": [2, 9, 4],
			"to": [3, 13, 5],
			"faces": {
				"north": {"uv": [5, 1, 7, 3], "texture": "#0", "tintindex": 0},
				"east": {"uv": [5, 1, 7, 3], "texture": "#0", "tintindex": 0},
				"south": {"uv": [5, 1, 7, 3], "texture": "#0", "tintindex": 0},
				"west": {"uv": [5, 1, 7, 3], "texture": "#0", "tintindex": 0},
				"up": {"uv": [5, 1, 7, 3], "texture": "#0", "tintindex": 0},
				"down": {"uv": [5, 1, 7, 3], "texture": "#0", "tintindex": 0}
			}
		},
		{
			"name": "voxel",
			"from": [13, 9, 4],
			"to": [14, 13, 5],
			"faces": {
				"north": {"uv": [5, 1, 7, 3], "texture": "#0", "tintindex": 0},
				"east": {"uv": [5, 1, 7, 3], "texture": "#0", "tintindex": 0},
				"south": {"uv": [5, 1, 7, 3], "texture": "#0", "tintindex": 0},
				"west": {"uv": [5, 1, 7, 3], "texture": "#0", "tintindex": 0},
				"up": {"uv": [5, 1, 7, 3], "texture": "#0", "tintindex": 0},
				"down": {"uv": [5, 1, 7, 3], "texture": "#0", "tintindex": 0}
			}
		},
		{
			"name": "voxel",
			"from": [5, 9, 14],
			"to": [7, 12, 15],
			"faces": {
				"north": {"uv": [5, 1, 7, 3], "texture": "#0", "tintindex": 0},
				"east": {"uv": [5, 1, 7, 3], "texture": "#0", "tintindex": 0},
				"south": {"uv": [5, 1, 7, 3], "texture": "#0", "tintindex": 0},
				"west": {"uv": [5, 1, 7, 3], "texture": "#0", "tintindex": 0},
				"up": {"uv": [5, 1, 7, 3], "texture": "#0", "tintindex": 0},
				"down": {"uv": [5, 1, 7, 3], "texture": "#0", "tintindex": 0}
			}
		},
		{
			"name": "voxel",
			"from": [4, 10, 1],
			"to": [5, 11, 2],
			"faces": {
				"north": {"uv": [5, 1, 7, 3], "texture": "#0", "tintindex": 0},
				"east": {"uv": [5, 1, 7, 3], "texture": "#0", "tintindex": 0},
				"south": {"uv": [5, 1, 7, 3], "texture": "#0", "tintindex": 0},
				"west": {"uv": [5, 1, 7, 3], "texture": "#0", "tintindex": 0},
				"up": {"uv": [5, 1, 7, 3], "texture": "#0", "tintindex": 0},
				"down": {"uv": [5, 1, 7, 3], "texture": "#0", "tintindex": 0}
			}
		},
		{
			"name": "voxel",
			"from": [6, 9, 15],
			"to": [7, 10, 16],
			"faces": {
				"north": {"uv": [5, 1, 7, 3], "texture": "#0", "tintindex": 0},
				"east": {"uv": [5, 1, 7, 3], "texture": "#0", "tintindex": 0},
				"south": {"uv": [5, 1, 7, 3], "texture": "#0", "cullface": "south", "tintindex": 0},
				"west": {"uv": [5, 1, 7, 3], "texture": "#0", "tintindex": 0},
				"up": {"uv": [5, 1, 7, 3], "texture": "#0", "tintindex": 0},
				"down": {"uv": [5, 1, 7, 3], "texture": "#0", "tintindex": 0}
			}
		},
		{
			"name": "voxel",
			"from": [10, 9, 14],
			"to": [11, 12, 15],
			"faces": {
				"north": {"uv": [5, 1, 7, 3], "texture": "#0", "tintindex": 0},
				"east": {"uv": [5, 1, 7, 3], "texture": "#0", "tintindex": 0},
				"south": {"uv": [5, 1, 7, 3], "texture": "#0", "tintindex": 0},
				"west": {"uv": [5, 1, 7, 3], "texture": "#0", "tintindex": 0},
				"up": {"uv": [5, 1, 7, 3], "texture": "#0", "tintindex": 0},
				"down": {"uv": [5, 1, 7, 3], "texture": "#0", "tintindex": 0}
			}
		},
		{
			"name": "voxel",
			"from": [3, 10, 3],
			"to": [4, 13, 4],
			"faces": {
				"north": {"uv": [5, 1, 7, 3], "texture": "#0", "tintindex": 0},
				"east": {"uv": [5, 1, 7, 3], "texture": "#0", "tintindex": 0},
				"south": {"uv": [5, 1, 7, 3], "texture": "#0", "tintindex": 0},
				"west": {"uv": [5, 1, 7, 3], "texture": "#0", "tintindex": 0},
				"up": {"uv": [5, 1, 7, 3], "texture": "#0", "tintindex": 0},
				"down": {"uv": [5, 1, 7, 3], "texture": "#0", "tintindex": 0}
			}
		},
		{
			"name": "voxel",
			"from": [13, 10, 5],
			"to": [15, 12, 6],
			"faces": {
				"north": {"uv": [5, 1, 7, 3], "texture": "#0", "tintindex": 0},
				"east": {"uv": [5, 1, 7, 3], "texture": "#0", "tintindex": 0},
				"south": {"uv": [5, 1, 7, 3], "texture": "#0", "tintindex": 0},
				"west": {"uv": [5, 1, 7, 3], "texture": "#0", "tintindex": 0},
				"up": {"uv": [5, 1, 7, 3], "texture": "#0", "tintindex": 0},
				"down": {"uv": [5, 1, 7, 3], "texture": "#0", "tintindex": 0}
			}
		},
		{
			"name": "voxel",
			"from": [2, 10, 5],
			"to": [3, 13, 6],
			"faces": {
				"north": {"uv": [5, 1, 7, 3], "texture": "#0", "tintindex": 0},
				"east": {"uv": [5, 1, 7, 3], "texture": "#0", "tintindex": 0},
				"south": {"uv": [5, 1, 7, 3], "texture": "#0", "tintindex": 0},
				"west": {"uv": [5, 1, 7, 3], "texture": "#0", "tintindex": 0},
				"up": {"uv": [5, 1, 7, 3], "texture": "#0", "tintindex": 0},
				"down": {"uv": [5, 1, 7, 3], "texture": "#0", "tintindex": 0}
			}
		},
		{
			"name": "voxel",
			"from": [1, 10, 4],
			"to": [2, 11, 6],
			"faces": {
				"north": {"uv": [5, 1, 7, 3], "texture": "#0", "tintindex": 0},
				"east": {"uv": [5, 1, 7, 3], "texture": "#0", "tintindex": 0},
				"south": {"uv": [5, 1, 7, 3], "texture": "#0", "tintindex": 0},
				"west": {"uv": [5, 1, 7, 3], "texture": "#0", "tintindex": 0},
				"up": {"uv": [5, 1, 7, 3], "texture": "#0", "tintindex": 0},
				"down": {"uv": [5, 1, 7, 3], "texture": "#0", "tintindex": 0}
			}
		},
		{
			"name": "voxel",
			"from": [12, 10, 11],
			"to": [13, 13, 12],
			"faces": {
				"north": {"uv": [5, 1, 7, 3], "texture": "#0", "tintindex": 0},
				"east": {"uv": [5, 1, 7, 3], "texture": "#0", "tintindex": 0},
				"south": {"uv": [5, 1, 7, 3], "texture": "#0", "tintindex": 0},
				"west": {"uv": [5, 1, 7, 3], "texture": "#0", "tintindex": 0},
				"up": {"uv": [5, 1, 7, 3], "texture": "#0", "tintindex": 0},
				"down": {"uv": [5, 1, 7, 3], "texture": "#0", "tintindex": 0}
			}
		},
		{
			"name": "voxel",
			"from": [9, 10, 14],
			"to": [10, 12, 15],
			"faces": {
				"north": {"uv": [5, 1, 7, 3], "texture": "#0", "tintindex": 0},
				"east": {"uv": [5, 1, 7, 3], "texture": "#0", "tintindex": 0},
				"south": {"uv": [5, 1, 7, 3], "texture": "#0", "tintindex": 0},
				"west": {"uv": [5, 1, 7, 3], "texture": "#0", "tintindex": 0},
				"up": {"uv": [5, 1, 7, 3], "texture": "#0", "tintindex": 0},
				"down": {"uv": [5, 1, 7, 3], "texture": "#0", "tintindex": 0}
			}
		},
		{
			"name": "voxel",
			"from": [7, 10, 14],
			"to": [9, 11, 16],
			"faces": {
				"north": {"uv": [5, 1, 7, 3], "texture": "#0", "tintindex": 0},
				"east": {"uv": [5, 1, 7, 3], "texture": "#0", "tintindex": 0},
				"south": {"uv": [5, 1, 7, 3], "texture": "#0", "cullface": "south", "tintindex": 0},
				"west": {"uv": [5, 1, 7, 3], "texture": "#0", "tintindex": 0},
				"up": {"uv": [5, 1, 7, 3], "texture": "#0", "tintindex": 0},
				"down": {"uv": [5, 1, 7, 3], "texture": "#0", "tintindex": 0}
			}
		},
		{
			"name": "voxel",
			"from": [10, 10, 13],
			"to": [11, 13, 14],
			"faces": {
				"north": {"uv": [5, 1, 7, 3], "texture": "#0", "tintindex": 0},
				"east": {"uv": [5, 1, 7, 3], "texture": "#0", "tintindex": 0},
				"south": {"uv": [5, 1, 7, 3], "texture": "#0", "tintindex": 0},
				"west": {"uv": [5, 1, 7, 3], "texture": "#0", "tintindex": 0},
				"up": {"uv": [5, 1, 7, 3], "texture": "#0", "tintindex": 0},
				"down": {"uv": [5, 1, 7, 3], "texture": "#0", "tintindex": 0}
			}
		},
		{
			"name": "voxel",
			"from": [2, 11, 3],
			"to": [3, 12, 4],
			"faces": {
				"north": {"uv": [5, 1, 7, 3], "texture": "#0", "tintindex": 0},
				"east": {"uv": [5, 1, 7, 3], "texture": "#0", "tintindex": 0},
				"south": {"uv": [5, 1, 7, 3], "texture": "#0", "tintindex": 0},
				"west": {"uv": [5, 1, 7, 3], "texture": "#0", "tintindex": 0},
				"up": {"uv": [5, 1, 7, 3], "texture": "#0", "tintindex": 0},
				"down": {"uv": [5, 1, 7, 3], "texture": "#0", "tintindex": 0}
			}
		},
		{
			"name": "voxel",
			"from": [13, 11, 6],
			"to": [15, 12, 7],
			"faces": {
				"north": {"uv": [5, 1, 7, 3], "texture": "#0", "tintindex": 0},
				"east": {"uv": [5, 1, 7, 3], "texture": "#0", "tintindex": 0},
				"south": {"uv": [5, 1, 7, 3], "texture": "#0", "tintindex": 0},
				"west": {"uv": [5, 1, 7, 3], "texture": "#0", "tintindex": 0},
				"up": {"uv": [5, 1, 7, 3], "texture": "#0", "tintindex": 0},
				"down": {"uv": [5, 1, 7, 3], "texture": "#0", "tintindex": 0}
			}
		},
		{
			"name": "voxel",
			"from": [2, 11, 6],
			"to": [3, 13, 11],
			"faces": {
				"north": {"uv": [5, 1, 7, 3], "texture": "#0", "tintindex": 0},
				"east": {"uv": [5, 1, 7, 3], "texture": "#0", "tintindex": 0},
				"south": {"uv": [5, 1, 7, 3], "texture": "#0", "tintindex": 0},
				"west": {"uv": [5, 1, 7, 3], "texture": "#0", "tintindex": 0},
				"up": {"uv": [5, 1, 7, 3], "texture": "#0", "tintindex": 0},
				"down": {"uv": [5, 1, 7, 3], "texture": "#0", "tintindex": 0}
			}
		},
		{
			"name": "voxel",
			"from": [1, 11, 5],
			"to": [2, 12, 7],
			"faces": {
				"north": {"uv": [5, 1, 7, 3], "texture": "#0", "tintindex": 0},
				"east": {"uv": [5, 1, 7, 3], "texture": "#0", "tintindex": 0},
				"south": {"uv": [5, 1, 7, 3], "texture": "#0", "tintindex": 0},
				"west": {"uv": [5, 1, 7, 3], "texture": "#0", "tintindex": 0},
				"up": {"uv": [5, 1, 7, 3], "texture": "#0", "tintindex": 0},
				"down": {"uv": [5, 1, 7, 3], "texture": "#0", "tintindex": 0}
			}
		},
		{
			"name": "voxel",
			"from": [12, 11, 4],
			"to": [13, 13, 5],
			"faces": {
				"north": {"uv": [5, 1, 7, 3], "texture": "#0", "tintindex": 0},
				"east": {"uv": [5, 1, 7, 3], "texture": "#0", "tintindex": 0},
				"south": {"uv": [5, 1, 7, 3], "texture": "#0", "tintindex": 0},
				"west": {"uv": [5, 1, 7, 3], "texture": "#0", "tintindex": 0},
				"up": {"uv": [5, 1, 7, 3], "texture": "#0", "tintindex": 0},
				"down": {"uv": [5, 1, 7, 3], "texture": "#0", "tintindex": 0}
			}
		},
		{
			"name": "voxel",
			"from": [3, 11, 4],
			"to": [4, 13, 5],
			"faces": {
				"north": {"uv": [5, 1, 7, 3], "texture": "#0", "tintindex": 0},
				"east": {"uv": [5, 1, 7, 3], "texture": "#0", "tintindex": 0},
				"south": {"uv": [5, 1, 7, 3], "texture": "#0", "tintindex": 0},
				"west": {"uv": [5, 1, 7, 3], "texture": "#0", "tintindex": 0},
				"up": {"uv": [5, 1, 7, 3], "texture": "#0", "tintindex": 0},
				"down": {"uv": [5, 1, 7, 3], "texture": "#0", "tintindex": 0}
			}
		},
		{
			"name": "voxel",
			"from": [11, 11, 3],
			"to": [12, 14, 4],
			"faces": {
				"north": {"uv": [5, 1, 7, 3], "texture": "#0", "tintindex": 0},
				"east": {"uv": [5, 1, 7, 3], "texture": "#0", "tintindex": 0},
				"south": {"uv": [5, 1, 7, 3], "texture": "#0", "tintindex": 0},
				"west": {"uv": [5, 1, 7, 3], "texture": "#0", "tintindex": 0},
				"up": {"uv": [5, 1, 7, 3], "texture": "#0", "tintindex": 0},
				"down": {"uv": [5, 1, 7, 3], "texture": "#0", "tintindex": 0}
			}
		},
		{
			"name": "voxel",
			"from": [4, 11, 3],
			"to": [5, 14, 4],
			"faces": {
				"north": {"uv": [5, 1, 7, 3], "texture": "#0", "tintindex": 0},
				"east": {"uv": [5, 1, 7, 3], "texture": "#0", "tintindex": 0},
				"south": {"uv": [5, 1, 7, 3], "texture": "#0", "tintindex": 0},
				"west": {"uv": [5, 1, 7, 3], "texture": "#0", "tintindex": 0},
				"up": {"uv": [5, 1, 7, 3], "texture": "#0", "tintindex": 0},
				"down": {"uv": [5, 1, 7, 3], "texture": "#0", "tintindex": 0}
			}
		},
		{
			"name": "voxel",
			"from": [13, 11, 7],
			"to": [14, 13, 11],
			"faces": {
				"north": {"uv": [5, 1, 7, 3], "texture": "#0", "tintindex": 0},
				"east": {"uv": [5, 1, 7, 3], "texture": "#0", "tintindex": 0},
				"south": {"uv": [5, 1, 7, 3], "texture": "#0", "tintindex": 0},
				"west": {"uv": [5, 1, 7, 3], "texture": "#0", "tintindex": 0},
				"up": {"uv": [5, 1, 7, 3], "texture": "#0", "tintindex": 0},
				"down": {"uv": [5, 1, 7, 3], "texture": "#0", "tintindex": 0}
			}
		},
		{
			"name": "voxel",
			"from": [3, 11, 10],
			"to": [4, 13, 12],
			"faces": {
				"north": {"uv": [5, 1, 7, 3], "texture": "#0", "tintindex": 0},
				"east": {"uv": [5, 1, 7, 3], "texture": "#0", "tintindex": 0},
				"south": {"uv": [5, 1, 7, 3], "texture": "#0", "tintindex": 0},
				"west": {"uv": [5, 1, 7, 3], "texture": "#0", "tintindex": 0},
				"up": {"uv": [5, 1, 7, 3], "texture": "#0", "tintindex": 0},
				"down": {"uv": [5, 1, 7, 3], "texture": "#0", "tintindex": 0}
			}
		},
		{
			"name": "voxel",
			"from": [7, 11, 14],
			"to": [9, 12, 15],
			"faces": {
				"north": {"uv": [5, 1, 7, 3], "texture": "#0", "tintindex": 0},
				"east": {"uv": [5, 1, 7, 3], "texture": "#0", "tintindex": 0},
				"south": {"uv": [5, 1, 7, 3], "texture": "#0", "tintindex": 0},
				"west": {"uv": [5, 1, 7, 3], "texture": "#0", "tintindex": 0},
				"up": {"uv": [5, 1, 7, 3], "texture": "#0", "tintindex": 0},
				"down": {"uv": [5, 1, 7, 3], "texture": "#0", "tintindex": 0}
			}
		},
		{
			"name": "voxel",
			"from": [11, 11, 11],
			"to": [12, 13, 13],
			"faces": {
				"north": {"uv": [5, 1, 7, 3], "texture": "#0", "tintindex": 0},
				"east": {"uv": [5, 1, 7, 3], "texture": "#0", "tintindex": 0},
				"south": {"uv": [5, 1, 7, 3], "texture": "#0", "tintindex": 0},
				"west": {"uv": [5, 1, 7, 3], "texture": "#0", "tintindex": 0},
				"up": {"uv": [5, 1, 7, 3], "texture": "#0", "tintindex": 0},
				"down": {"uv": [5, 1, 7, 3], "texture": "#0", "tintindex": 0}
			}
		},
		{
			"name": "voxel",
			"from": [4, 11, 11],
			"to": [5, 13, 13],
			"faces": {
				"north": {"uv": [5, 1, 7, 3], "texture": "#0", "tintindex": 0},
				"east": {"uv": [5, 1, 7, 3], "texture": "#0", "tintindex": 0},
				"south": {"uv": [5, 1, 7, 3], "texture": "#0", "tintindex": 0},
				"west": {"uv": [5, 1, 7, 3], "texture": "#0", "tintindex": 0},
				"up": {"uv": [5, 1, 7, 3], "texture": "#0", "tintindex": 0},
				"down": {"uv": [5, 1, 7, 3], "texture": "#0", "tintindex": 0}
			}
		},
		{
			"name": "voxel",
			"from": [12, 11, 10],
			"to": [13, 14, 11],
			"faces": {
				"north": {"uv": [5, 1, 7, 3], "texture": "#0", "tintindex": 0},
				"east": {"uv": [5, 1, 7, 3], "texture": "#0", "tintindex": 0},
				"south": {"uv": [5, 1, 7, 3], "texture": "#0", "tintindex": 0},
				"west": {"uv": [5, 1, 7, 3], "texture": "#0", "tintindex": 0},
				"up": {"uv": [5, 1, 7, 3], "texture": "#0", "tintindex": 0},
				"down": {"uv": [5, 1, 7, 3], "texture": "#0", "tintindex": 0}
			}
		},
		{
			"name": "voxel",
			"from": [5, 12, 3],
			"to": [6, 14, 4],
			"faces": {
				"north": {"uv": [5, 1, 7, 3], "texture": "#0", "tintindex": 0},
				"east": {"uv": [5, 1, 7, 3], "texture": "#0", "tintindex": 0},
				"south": {"uv": [5, 1, 7, 3], "texture": "#0", "tintindex": 0},
				"west": {"uv": [5, 1, 7, 3], "texture": "#0", "tintindex": 0},
				"up": {"uv": [5, 1, 7, 3], "texture": "#0", "tintindex": 0},
				"down": {"uv": [5, 1, 7, 3], "texture": "#0", "tintindex": 0}
			}
		},
		{
			"name": "voxel",
			"from": [3, 12, 5],
			"to": [4, 14, 10],
			"faces": {
				"north": {"uv": [5, 1, 7, 3], "texture": "#0", "tintindex": 0},
				"east": {"uv": [5, 1, 7, 3], "texture": "#0", "tintindex": 0},
				"south": {"uv": [5, 1, 7, 3], "texture": "#0", "tintindex": 0},
				"west": {"uv": [5, 1, 7, 3], "texture": "#0", "tintindex": 0},
				"up": {"uv": [5, 1, 7, 3], "texture": "#0", "tintindex": 0},
				"down": {"uv": [5, 1, 7, 3], "texture": "#0", "tintindex": 0}
			}
		},
		{
			"name": "voxel",
			"from": [11, 12, 4],
			"to": [12, 14, 6],
			"faces": {
				"north": {"uv": [5, 1, 7, 3], "texture": "#0", "tintindex": 0},
				"east": {"uv": [5, 1, 7, 3], "texture": "#0", "tintindex": 0},
				"south": {"uv": [5, 1, 7, 3], "texture": "#0", "tintindex": 0},
				"west": {"uv": [5, 1, 7, 3], "texture": "#0", "tintindex": 0},
				"up": {"uv": [5, 1, 7, 3], "texture": "#0", "tintindex": 0},
				"down": {"uv": [5, 1, 7, 3], "texture": "#0", "tintindex": 0}
			}
		},
		{
			"name": "voxel",
			"from": [4, 12, 4],
			"to": [5, 14, 6],
			"faces": {
				"north": {"uv": [5, 1, 7, 3], "texture": "#0", "tintindex": 0},
				"east": {"uv": [5, 1, 7, 3], "texture": "#0", "tintindex": 0},
				"south": {"uv": [5, 1, 7, 3], "texture": "#0", "tintindex": 0},
				"west": {"uv": [5, 1, 7, 3], "texture": "#0", "tintindex": 0},
				"up": {"uv": [5, 1, 7, 3], "texture": "#0", "tintindex": 0},
				"down": {"uv": [5, 1, 7, 3], "texture": "#0", "tintindex": 0}
			}
		},
		{
			"name": "voxel",
			"from": [12, 12, 5],
			"to": [14, 13, 7],
			"faces": {
				"north": {"uv": [5, 1, 7, 3], "texture": "#0", "tintindex": 0},
				"east": {"uv": [5, 1, 7, 3], "texture": "#0", "tintindex": 0},
				"south": {"uv": [5, 1, 7, 3], "texture": "#0", "tintindex": 0},
				"west": {"uv": [5, 1, 7, 3], "texture": "#0", "tintindex": 0},
				"up": {"uv": [5, 1, 7, 3], "texture": "#0", "tintindex": 0},
				"down": {"uv": [5, 1, 7, 3], "texture": "#0", "tintindex": 0}
			}
		},
		{
			"name": "voxel",
			"from": [12, 12, 7],
			"to": [13, 14, 10],
			"faces": {
				"north": {"uv": [5, 1, 7, 3], "texture": "#0", "tintindex": 0},
				"east": {"uv": [5, 1, 7, 3], "texture": "#0", "tintindex": 0},
				"south": {"uv": [5, 1, 7, 3], "texture": "#0", "tintindex": 0},
				"west": {"uv": [5, 1, 7, 3], "texture": "#0", "tintindex": 0},
				"up": {"uv": [5, 1, 7, 3], "texture": "#0", "tintindex": 0},
				"down": {"uv": [5, 1, 7, 3], "texture": "#0", "tintindex": 0}
			}
		},
		{
			"name": "voxel",
			"from": [11, 12, 10],
			"to": [12, 14, 11],
			"faces": {
				"north": {"uv": [5, 1, 7, 3], "texture": "#0", "tintindex": 0},
				"east": {"uv": [5, 1, 7, 3], "texture": "#0", "tintindex": 0},
				"south": {"uv": [5, 1, 7, 3], "texture": "#0", "tintindex": 0},
				"west": {"uv": [5, 1, 7, 3], "texture": "#0", "tintindex": 0},
				"up": {"uv": [5, 1, 7, 3], "texture": "#0", "tintindex": 0},
				"down": {"uv": [5, 1, 7, 3], "texture": "#0", "tintindex": 0}
			}
		},
		{
			"name": "voxel",
			"from": [5, 13, 4],
			"to": [11, 15, 5],
			"faces": {
				"north": {"uv": [5, 1, 7, 3], "texture": "#0", "tintindex": 0},
				"east": {"uv": [5, 1, 7, 3], "texture": "#0", "tintindex": 0},
				"south": {"uv": [5, 1, 7, 3], "texture": "#0", "tintindex": 0},
				"west": {"uv": [5, 1, 7, 3], "texture": "#0", "tintindex": 0},
				"up": {"uv": [5, 1, 7, 3], "texture": "#0", "tintindex": 0},
				"down": {"uv": [5, 1, 7, 3], "texture": "#0", "tintindex": 0}
			}
		},
		{
			"name": "voxel",
			"from": [3, 13, 10],
			"to": [4, 14, 11],
			"faces": {
				"north": {"uv": [5, 1, 7, 3], "texture": "#0", "tintindex": 0},
				"east": {"uv": [5, 1, 7, 3], "texture": "#0", "tintindex": 0},
				"south": {"uv": [5, 1, 7, 3], "texture": "#0", "tintindex": 0},
				"west": {"uv": [5, 1, 7, 3], "texture": "#0", "tintindex": 0},
				"up": {"uv": [5, 1, 7, 3], "texture": "#0", "tintindex": 0},
				"down": {"uv": [5, 1, 7, 3], "texture": "#0", "tintindex": 0}
			}
		},
		{
			"name": "voxel",
			"from": [10, 13, 9],
			"to": [11, 15, 10],
			"faces": {
				"north": {"uv": [5, 1, 7, 3], "texture": "#0", "tintindex": 0},
				"east": {"uv": [5, 1, 7, 3], "texture": "#0", "tintindex": 0},
				"south": {"uv": [5, 1, 7, 3], "texture": "#0", "tintindex": 0},
				"west": {"uv": [5, 1, 7, 3], "texture": "#0", "tintindex": 0},
				"up": {"uv": [5, 1, 7, 3], "texture": "#0", "tintindex": 0},
				"down": {"uv": [5, 1, 7, 3], "texture": "#0", "tintindex": 0}
			}
		},
		{
			"name": "voxel",
			"from": [13, 13, 7],
			"to": [14, 14, 8],
			"faces": {
				"north": {"uv": [5, 1, 7, 3], "texture": "#0", "tintindex": 0},
				"east": {"uv": [5, 1, 7, 3], "texture": "#0", "tintindex": 0},
				"south": {"uv": [5, 1, 7, 3], "texture": "#0", "tintindex": 0},
				"west": {"uv": [5, 1, 7, 3], "texture": "#0", "tintindex": 0},
				"up": {"uv": [5, 1, 7, 3], "texture": "#0", "tintindex": 0},
				"down": {"uv": [5, 1, 7, 3], "texture": "#0", "tintindex": 0}
			}
		},
		{
			"name": "voxel",
			"from": [2, 13, 7],
			"to": [3, 14, 9],
			"faces": {
				"north": {"uv": [5, 1, 7, 3], "texture": "#0", "tintindex": 0},
				"east": {"uv": [5, 1, 7, 3], "texture": "#0", "tintindex": 0},
				"south": {"uv": [5, 1, 7, 3], "texture": "#0", "tintindex": 0},
				"west": {"uv": [5, 1, 7, 3], "texture": "#0", "tintindex": 0},
				"up": {"uv": [5, 1, 7, 3], "texture": "#0", "tintindex": 0},
				"down": {"uv": [5, 1, 7, 3], "texture": "#0", "tintindex": 0}
			}
		},
		{
			"name": "voxel",
			"from": [11, 13, 6],
			"to": [12, 15, 10],
			"faces": {
				"north": {"uv": [5, 1, 7, 3], "texture": "#0", "tintindex": 0},
				"east": {"uv": [5, 1, 7, 3], "texture": "#0", "tintindex": 0},
				"south": {"uv": [5, 1, 7, 3], "texture": "#0", "tintindex": 0},
				"west": {"uv": [5, 1, 7, 3], "texture": "#0", "tintindex": 0},
				"up": {"uv": [5, 1, 7, 3], "texture": "#0", "tintindex": 0},
				"down": {"uv": [5, 1, 7, 3], "texture": "#0", "tintindex": 0}
			}
		},
		{
			"name": "voxel",
			"from": [4, 13, 6],
			"to": [5, 15, 10],
			"faces": {
				"north": {"uv": [5, 1, 7, 3], "texture": "#0", "tintindex": 0},
				"east": {"uv": [5, 1, 7, 3], "texture": "#0", "tintindex": 0},
				"south": {"uv": [5, 1, 7, 3], "texture": "#0", "tintindex": 0},
				"west": {"uv": [5, 1, 7, 3], "texture": "#0", "tintindex": 0},
				"up": {"uv": [5, 1, 7, 3], "texture": "#0", "tintindex": 0},
				"down": {"uv": [5, 1, 7, 3], "texture": "#0", "tintindex": 0}
			}
		},
		{
			"name": "voxel",
			"from": [12, 13, 5],
			"to": [13, 14, 7],
			"faces": {
				"north": {"uv": [5, 1, 7, 3], "texture": "#0", "tintindex": 0},
				"east": {"uv": [5, 1, 7, 3], "texture": "#0", "tintindex": 0},
				"south": {"uv": [5, 1, 7, 3], "texture": "#0", "tintindex": 0},
				"west": {"uv": [5, 1, 7, 3], "texture": "#0", "tintindex": 0},
				"up": {"uv": [5, 1, 7, 3], "texture": "#0", "tintindex": 0},
				"down": {"uv": [5, 1, 7, 3], "texture": "#0", "tintindex": 0}
			}
		},
		{
			"name": "voxel",
			"from": [10, 13, 5],
			"to": [11, 15, 6],
			"faces": {
				"north": {"uv": [5, 1, 7, 3], "texture": "#0", "tintindex": 0},
				"east": {"uv": [5, 1, 7, 3], "texture": "#0", "tintindex": 0},
				"south": {"uv": [5, 1, 7, 3], "texture": "#0", "tintindex": 0},
				"west": {"uv": [5, 1, 7, 3], "texture": "#0", "tintindex": 0},
				"up": {"uv": [5, 1, 7, 3], "texture": "#0", "tintindex": 0},
				"down": {"uv": [5, 1, 7, 3], "texture": "#0", "tintindex": 0}
			}
		},
		{
			"name": "voxel",
			"from": [5, 13, 5],
			"to": [6, 15, 6],
			"faces": {
				"north": {"uv": [5, 1, 7, 3], "texture": "#0", "tintindex": 0},
				"east": {"uv": [5, 1, 7, 3], "texture": "#0", "tintindex": 0},
				"south": {"uv": [5, 1, 7, 3], "texture": "#0", "tintindex": 0},
				"west": {"uv": [5, 1, 7, 3], "texture": "#0", "tintindex": 0},
				"up": {"uv": [5, 1, 7, 3], "texture": "#0", "tintindex": 0},
				"down": {"uv": [5, 1, 7, 3], "texture": "#0", "tintindex": 0}
			}
		},
		{
			"name": "voxel",
			"from": [11, 13, 11],
			"to": [12, 14, 12],
			"faces": {
				"north": {"uv": [5, 1, 7, 3], "texture": "#0", "tintindex": 0},
				"east": {"uv": [5, 1, 7, 3], "texture": "#0", "tintindex": 0},
				"south": {"uv": [5, 1, 7, 3], "texture": "#0", "tintindex": 0},
				"west": {"uv": [5, 1, 7, 3], "texture": "#0", "tintindex": 0},
				"up": {"uv": [5, 1, 7, 3], "texture": "#0", "tintindex": 0},
				"down": {"uv": [5, 1, 7, 3], "texture": "#0", "tintindex": 0}
			}
		},
		{
			"name": "voxel",
			"from": [7, 14, 3],
			"to": [9, 15, 4],
			"faces": {
				"north": {"uv": [5, 1, 7, 3], "texture": "#0", "tintindex": 0},
				"east": {"uv": [5, 1, 7, 3], "texture": "#0", "tintindex": 0},
				"south": {"uv": [5, 1, 7, 3], "texture": "#0", "tintindex": 0},
				"west": {"uv": [5, 1, 7, 3], "texture": "#0", "tintindex": 0},
				"up": {"uv": [5, 1, 7, 3], "texture": "#0", "tintindex": 0},
				"down": {"uv": [5, 1, 7, 3], "texture": "#0", "tintindex": 0}
			}
		},
		{
			"name": "voxel",
			"from": [10, 14, 6],
			"to": [11, 15, 9],
			"faces": {
				"north": {"uv": [5, 1, 7, 3], "texture": "#0", "tintindex": 0},
				"east": {"uv": [5, 1, 7, 3], "texture": "#0", "tintindex": 0},
				"south": {"uv": [5, 1, 7, 3], "texture": "#0", "tintindex": 0},
				"west": {"uv": [5, 1, 7, 3], "texture": "#0", "tintindex": 0},
				"up": {"uv": [5, 1, 7, 3], "texture": "#0", "tintindex": 0},
				"down": {"uv": [5, 1, 7, 3], "texture": "#0", "tintindex": 0}
			}
		},
		{
			"name": "voxel",
			"from": [5, 14, 6],
			"to": [6, 15, 9],
			"faces": {
				"north": {"uv": [5, 1, 7, 3], "texture": "#0", "tintindex": 0},
				"east": {"uv": [5, 1, 7, 3], "texture": "#0", "tintindex": 0},
				"south": {"uv": [5, 1, 7, 3], "texture": "#0", "tintindex": 0},
				"west": {"uv": [5, 1, 7, 3], "texture": "#0", "tintindex": 0},
				"up": {"uv": [5, 1, 7, 3], "texture": "#0", "tintindex": 0},
				"down": {"uv": [5, 1, 7, 3], "texture": "#0", "tintindex": 0}
			}
		},
		{
			"name": "voxel",
			"from": [11, 14, 5],
			"to": [12, 15, 6],
			"faces": {
				"north": {"uv": [5, 1, 7, 3], "texture": "#0", "tintindex": 0},
				"east": {"uv": [5, 1, 7, 3], "texture": "#0", "tintindex": 0},
				"south": {"uv": [5, 1, 7, 3], "texture": "#0", "tintindex": 0},
				"west": {"uv": [5, 1, 7, 3], "texture": "#0", "tintindex": 0},
				"up": {"uv": [5, 1, 7, 3], "texture": "#0", "tintindex": 0},
				"down": {"uv": [5, 1, 7, 3], "texture": "#0", "tintindex": 0}
			}
		},
		{
			"name": "voxel",
			"from": [6, 14, 5],
			"to": [10, 15, 8],
			"faces": {
				"north": {"uv": [5, 1, 7, 3], "texture": "#0", "tintindex": 0},
				"east": {"uv": [5, 1, 7, 3], "texture": "#0", "tintindex": 0},
				"south": {"uv": [5, 1, 7, 3], "texture": "#0", "tintindex": 0},
				"west": {"uv": [5, 1, 7, 3], "texture": "#0", "tintindex": 0},
				"up": {"uv": [5, 1, 7, 3], "texture": "#0", "tintindex": 0},
				"down": {"uv": [5, 1, 7, 3], "texture": "#0", "tintindex": 0}
			}
		},
		{
			"name": "voxel",
			"from": [4, 14, 5],
			"to": [5, 15, 6],
			"faces": {
				"north": {"uv": [5, 1, 7, 3], "texture": "#0", "tintindex": 0},
				"east": {"uv": [5, 1, 7, 3], "texture": "#0", "tintindex": 0},
				"south": {"uv": [5, 1, 7, 3], "texture": "#0", "tintindex": 0},
				"west": {"uv": [5, 1, 7, 3], "texture": "#0", "tintindex": 0},
				"up": {"uv": [5, 1, 7, 3], "texture": "#0", "tintindex": 0},
				"down": {"uv": [5, 1, 7, 3], "texture": "#0", "tintindex": 0}
			}
		},
		{
			"name": "voxel",
			"from": [9, 14, 8],
			"to": [10, 15, 9],
			"faces": {
				"north": {"uv": [5, 1, 7, 3], "texture": "#0", "tintindex": 0},
				"east": {"uv": [5, 1, 7, 3], "texture": "#0", "tintindex": 0},
				"south": {"uv": [5, 1, 7, 3], "texture": "#0", "tintindex": 0},
				"west": {"uv": [5, 1, 7, 3], "texture": "#0", "tintindex": 0},
				"up": {"uv": [5, 1, 7, 3], "texture": "#0", "tintindex": 0},
				"down": {"uv": [5, 1, 7, 3], "texture": "#0", "tintindex": 0}
			}
		},
		{
			"name": "voxel",
			"from": [7, 15, 7],
			"to": [9, 16, 8],
			"faces": {
				"north": {"uv": [5, 1, 7, 3], "texture": "#0", "tintindex": 0},
				"east": {"uv": [5, 1, 7, 3], "texture": "#0", "tintindex": 0},
				"south": {"uv": [5, 1, 7, 3], "texture": "#0", "tintindex": 0},
				"west": {"uv": [5, 1, 7, 3], "texture": "#0", "tintindex": 0},
				"up": {"uv": [5, 1, 7, 3], "texture": "#0", "cullface": "up", "tintindex": 0},
				"down": {"uv": [5, 1, 7, 3], "texture": "#0", "tintindex": 0}
			}
		},
		{
			"name": "voxel",
			"from": [13, 3, 6],
			"to": [14, 4, 8],
			"faces": {
				"north": {"uv": [5, 1, 7, 3], "texture": "#0", "tintindex": 0},
				"east": {"uv": [5, 1, 7, 3], "texture": "#0", "tintindex": 0},
				"south": {"uv": [5, 1, 7, 3], "texture": "#0", "tintindex": 0},
				"west": {"uv": [5, 1, 7, 3], "texture": "#0", "tintindex": 0},
				"up": {"uv": [5, 1, 7, 3], "texture": "#0", "tintindex": 0},
				"down": {"uv": [5, 1, 7, 3], "texture": "#0", "tintindex": 0}
			}
		},
		{
			"name": "voxel",
			"from": [6, 14, 11],
			"to": [7, 15, 12],
			"faces": {
				"south": {"uv": [9, 1, 11, 3], "texture": "#0"},
				"west": {"uv": [9, 1, 11, 3], "texture": "#0"},
				"up": {"uv": [9, 1, 11, 3], "texture": "#0"}
			}
		},
		{
			"name": "voxel",
			"from": [10, 14, 10],
			"to": [11, 15, 11],
			"faces": {
				"east": {"uv": [9, 1, 11, 3], "texture": "#0"},
				"south": {"uv": [9, 1, 11, 3], "texture": "#0"},
				"up": {"uv": [9, 1, 11, 3], "texture": "#0"}
			}
		},
		{
			"name": "voxel",
			"from": [6, 14, 8],
			"to": [9, 15, 9],
			"faces": {
				"up": {"uv": [9, 1, 11, 3], "texture": "#0"}
			}
		},
		{
			"name": "voxel",
			"from": [5, 13, 12],
			"to": [6, 14, 13],
			"faces": {
				"south": {"uv": [9, 1, 11, 3], "texture": "#0"},
				"west": {"uv": [9, 1, 11, 3], "texture": "#0"},
				"up": {"uv": [9, 1, 11, 3], "texture": "#0"}
			}
		},
		{
			"name": "voxel",
			"from": [10, 13, 10],
			"to": [11, 14, 13],
			"faces": {
				"east": {"uv": [9, 1, 11, 3], "texture": "#0"},
				"south": {"uv": [9, 1, 11, 3], "texture": "#0"},
				"up": {"uv": [9, 1, 11, 3], "texture": "#0"}
			}
		},
		{
			"name": "voxel",
			"from": [4, 13, 10],
			"to": [5, 14, 12],
			"faces": {
				"south": {"uv": [9, 1, 11, 3], "texture": "#0"},
				"west": {"uv": [9, 1, 11, 3], "texture": "#0"},
				"up": {"uv": [9, 1, 11, 3], "texture": "#0"}
			}
		},
		{
			"name": "voxel",
			"from": [6, 13, 2],
			"to": [10, 14, 3],
			"faces": {
				"north": {"uv": [9, 1, 11, 3], "texture": "#0"},
				"east": {"uv": [9, 1, 11, 3], "texture": "#0"},
				"west": {"uv": [9, 1, 11, 3], "texture": "#0"},
				"up": {"uv": [9, 1, 11, 3], "texture": "#0"}
			}
		},
		{
			"name": "voxel",
			"from": [6, 12, 13],
			"to": [10, 13, 14],
			"faces": {
				"south": {"uv": [9, 1, 11, 3], "texture": "#0"},
				"up": {"uv": [9, 1, 11, 3], "texture": "#0"}
			}
		},
		{
			"name": "voxel",
			"from": [5, 12, 12],
			"to": [6, 13, 14],
			"faces": {
				"south": {"uv": [9, 1, 11, 3], "texture": "#0"},
				"west": {"uv": [9, 1, 11, 3], "texture": "#0"},
				"up": {"uv": [9, 1, 11, 3], "texture": "#0"}
			}
		},
		{
			"name": "voxel",
			"from": [9, 12, 11],
			"to": [10, 15, 12],
			"faces": {
				"east": {"uv": [9, 1, 11, 3], "texture": "#0"},
				"south": {"uv": [9, 1, 11, 3], "texture": "#0"},
				"up": {"uv": [9, 1, 11, 3], "texture": "#0"}
			}
		},
		{
			"name": "voxel",
			"from": [5, 12, 2],
			"to": [6, 13, 3],
			"faces": {
				"north": {"uv": [9, 1, 11, 3], "texture": "#0"},
				"up": {"uv": [9, 1, 11, 3], "texture": "#0"}
			}
		},
		{
			"name": "voxel",
			"from": [14, 11, 7],
			"to": [15, 12, 10],
			"faces": {
				"east": {"uv": [9, 1, 11, 3], "texture": "#0"},
				"south": {"uv": [9, 1, 11, 3], "texture": "#0"},
				"up": {"uv": [9, 1, 11, 3], "texture": "#0"}
			}
		},
		{
			"name": "voxel",
			"from": [1, 11, 7],
			"to": [2, 12, 10],
			"faces": {
				"south": {"uv": [9, 1, 11, 3], "texture": "#0"},
				"west": {"uv": [9, 1, 11, 3], "texture": "#0"},
				"up": {"uv": [9, 1, 11, 3], "texture": "#0"}
			}
		},
		{
			"name": "voxel",
			"from": [9, 11, 1],
			"to": [11, 12, 2],
			"faces": {
				"north": {"uv": [9, 1, 11, 3], "texture": "#0"},
				"east": {"uv": [9, 1, 11, 3], "texture": "#0"},
				"up": {"uv": [9, 1, 11, 3], "texture": "#0"}
			}
		},
		{
			"name": "voxel",
			"from": [7, 11, 1],
			"to": [9, 13, 2],
			"faces": {
				"north": {"uv": [9, 1, 11, 3], "texture": "#0"},
				"east": {"uv": [9, 1, 11, 3], "texture": "#0"},
				"west": {"uv": [9, 1, 11, 3], "texture": "#0"},
				"up": {"uv": [9, 1, 11, 3], "texture": "#0"}
			}
		},
		{
			"name": "voxel",
			"from": [14, 10, 6],
			"to": [15, 11, 10],
			"faces": {
				"east": {"uv": [9, 1, 11, 3], "texture": "#0"}
			}
		},
		{
			"name": "voxel",
			"from": [1, 10, 6],
			"to": [2, 11, 10],
			"faces": {
				"west": {"uv": [9, 1, 11, 3], "texture": "#0"}
			}
		},
		{
			"name": "voxel",
			"from": [11, 10, 2],
			"to": [12, 13, 3],
			"faces": {
				"north": {"uv": [9, 1, 11, 3], "texture": "#0"},
				"east": {"uv": [9, 1, 11, 3], "texture": "#0"},
				"up": {"uv": [9, 1, 11, 3], "texture": "#0"}
			}
		},
		{
			"name": "voxel",
			"from": [10, 10, 1],
			"to": [12, 11, 2],
			"faces": {
				"north": {"uv": [9, 1, 11, 3], "texture": "#0"},
				"east": {"uv": [9, 1, 11, 3], "texture": "#0"},
				"up": {"uv": [9, 1, 11, 3], "texture": "#0"}
			}
		},
		{
			"name": "voxel",
			"from": [5, 10, 1],
			"to": [6, 12, 2],
			"faces": {
				"north": {"uv": [9, 1, 11, 3], "texture": "#0"},
				"west": {"uv": [9, 1, 11, 3], "texture": "#0"},
				"up": {"uv": [9, 1, 11, 3], "texture": "#0"}
			}
		},
		{
			"name": "voxel",
			"from": [15, 9, 7],
			"to": [16, 10, 9],
			"faces": {
				"north": {"uv": [9, 1, 11, 3], "texture": "#0"},
				"east": {"uv": [9, 1, 11, 3], "texture": "#0", "cullface": "east"},
				"south": {"uv": [9, 1, 11, 3], "texture": "#0"},
				"up": {"uv": [9, 1, 11, 3], "texture": "#0"}
			}
		},
		{
			"name": "voxel",
			"from": [0, 9, 7],
			"to": [1, 10, 9],
			"faces": {
				"north": {"uv": [9, 1, 11, 3], "texture": "#0"},
				"south": {"uv": [9, 1, 11, 3], "texture": "#0"},
				"west": {"uv": [9, 1, 11, 3], "texture": "#0", "cullface": "west"},
				"up": {"uv": [9, 1, 11, 3], "texture": "#0"}
			}
		},
		{
			"name": "voxel",
			"from": [14, 9, 5],
			"to": [15, 10, 10],
			"faces": {
				"east": {"uv": [9, 1, 11, 3], "texture": "#0"}
			}
		},
		{
			"name": "voxel",
			"from": [1, 9, 5],
			"to": [2, 10, 10],
			"faces": {
				"west": {"uv": [9, 1, 11, 3], "texture": "#0"}
			}
		},
		{
			"name": "voxel",
			"from": [10, 9, 0],
			"to": [11, 10, 2],
			"faces": {
				"north": {"uv": [9, 1, 11, 3], "texture": "#0", "cullface": "north"},
				"east": {"uv": [9, 1, 11, 3], "texture": "#0"},
				"up": {"uv": [9, 1, 11, 3], "texture": "#0"}
			}
		},
		{
			"name": "voxel",
			"from": [6, 9, 0],
			"to": [7, 11, 1],
			"faces": {
				"north": {"uv": [9, 1, 11, 3], "texture": "#0", "cullface": "north"},
				"west": {"uv": [9, 1, 11, 3], "texture": "#0"},
				"up": {"uv": [9, 1, 11, 3], "texture": "#0"}
			}
		},
		{
			"name": "voxel",
			"from": [6, 8, 1],
			"to": [7, 12, 2],
			"faces": {
				"north": {"uv": [9, 1, 11, 3], "texture": "#0"},
				"up": {"uv": [9, 1, 11, 3], "texture": "#0"}
			}
		},
		{
			"name": "voxel",
			"from": [7, 8, 0],
			"to": [10, 11, 2],
			"faces": {
				"north": {"uv": [9, 1, 11, 3], "texture": "#0", "cullface": "north"},
				"east": {"uv": [9, 1, 11, 3], "texture": "#0"},
				"up": {"uv": [9, 1, 11, 3], "texture": "#0"}
			}
		},
		{
			"name": "voxel",
			"from": [10, 7, 15],
			"to": [11, 9, 16],
			"faces": {
				"east": {"uv": [9, 1, 11, 3], "texture": "#0"},
				"south": {"uv": [9, 1, 11, 3], "texture": "#0", "cullface": "south"},
				"up": {"uv": [9, 1, 11, 3], "texture": "#0"},
				"down": {"uv": [9, 1, 11, 3], "texture": "#0"}
			}
		},
		{
			"name": "voxel",
			"from": [5, 7, 15],
			"to": [6, 8, 16],
			"faces": {
				"south": {"uv": [9, 1, 11, 3], "texture": "#0", "cullface": "south"},
				"west": {"uv": [9, 1, 11, 3], "texture": "#0"},
				"down": {"uv": [9, 1, 11, 3], "texture": "#0"}
			}
		},
		{
			"name": "voxel",
			"from": [14, 7, 11],
			"to": [15, 10, 12],
			"faces": {
				"east": {"uv": [9, 1, 11, 3], "texture": "#0"},
				"south": {"uv": [9, 1, 11, 3], "texture": "#0"},
				"up": {"uv": [9, 1, 11, 3], "texture": "#0"}
			}
		},
		{
			"name": "voxel",
			"from": [1, 7, 11],
			"to": [2, 10, 12],
			"faces": {
				"south": {"uv": [9, 1, 11, 3], "texture": "#0"},
				"west": {"uv": [9, 1, 11, 3], "texture": "#0"},
				"up": {"uv": [9, 1, 11, 3], "texture": "#0"}
			}
		},
		{
			"name": "voxel",
			"from": [6, 7, 10],
			"to": [10, 15, 11],
			"faces": {
				"up": {"uv": [9, 1, 11, 3], "texture": "#0"}
			}
		},
		{
			"name": "voxel",
			"from": [5, 7, 9],
			"to": [6, 15, 11],
			"faces": {
				"south": {"uv": [9, 1, 11, 3], "texture": "#0"},
				"west": {"uv": [9, 1, 11, 3], "texture": "#0"},
				"up": {"uv": [9, 1, 11, 3], "texture": "#0"}
			}
		},
		{
			"name": "voxel",
			"from": [14, 7, 5],
			"to": [16, 9, 6],
			"faces": {
				"north": {"uv": [9, 1, 11, 3], "texture": "#0"},
				"east": {"uv": [9, 1, 11, 3], "texture": "#0", "cullface": "east"},
				"up": {"uv": [9, 1, 11, 3], "texture": "#0"}
			}
		},
		{
			"name": "voxel",
			"from": [0, 7, 5],
			"to": [2, 9, 6],
			"faces": {
				"north": {"uv": [9, 1, 11, 3], "texture": "#0"},
				"west": {"uv": [9, 1, 11, 3], "texture": "#0", "cullface": "west"},
				"up": {"uv": [9, 1, 11, 3], "texture": "#0"}
			}
		},
		{
			"name": "voxel",
			"from": [10, 7, 3],
			"to": [11, 14, 4],
			"faces": {
				"north": {"uv": [9, 1, 11, 3], "texture": "#0"},
				"up": {"uv": [9, 1, 11, 3], "texture": "#0"}
			}
		},
		{
			"name": "voxel",
			"from": [6, 7, 2],
			"to": [11, 13, 3],
			"faces": {
				"north": {"uv": [9, 1, 11, 3], "texture": "#0"},
				"up": {"uv": [9, 1, 11, 3], "texture": "#0"}
			}
		},
		{
			"name": "voxel",
			"from": [9, 6, 15],
			"to": [10, 10, 16],
			"faces": {
				"east": {"uv": [9, 1, 11, 3], "texture": "#0"},
				"south": {"uv": [9, 1, 11, 3], "texture": "#0", "cullface": "south"},
				"up": {"uv": [9, 1, 11, 3], "texture": "#0"},
				"down": {"uv": [9, 1, 11, 3], "texture": "#0"}
			}
		},
		{
			"name": "voxel",
			"from": [6, 6, 15],
			"to": [7, 9, 16],
			"faces": {
				"south": {"uv": [9, 1, 11, 3], "texture": "#0", "cullface": "south"},
				"west": {"uv": [9, 1, 11, 3], "texture": "#0"},
				"down": {"uv": [9, 1, 11, 3], "texture": "#0"}
			}
		},
		{
			"name": "voxel",
			"from": [7, 6, 11],
			"to": [9, 15, 12],
			"faces": {
				"south": {"uv": [9, 1, 11, 3], "texture": "#0"},
				"up": {"uv": [9, 1, 11, 3], "texture": "#0"}
			}
		},
		{
			"name": "voxel",
			"from": [14, 6, 10],
			"to": [15, 11, 11],
			"faces": {
				"east": {"uv": [9, 1, 11, 3], "texture": "#0"},
				"south": {"uv": [9, 1, 11, 3], "texture": "#0"},
				"up": {"uv": [9, 1, 11, 3], "texture": "#0"}
			}
		},
		{
			"name": "voxel",
			"from": [1, 6, 10],
			"to": [2, 11, 11],
			"faces": {
				"south": {"uv": [9, 1, 11, 3], "texture": "#0"},
				"west": {"uv": [9, 1, 11, 3], "texture": "#0"},
				"up": {"uv": [9, 1, 11, 3], "texture": "#0"}
			}
		},
		{
			"name": "voxel",
			"from": [14, 6, 6],
			"to": [16, 9, 7],
			"faces": {
				"east": {"uv": [9, 1, 11, 3], "texture": "#0", "cullface": "east"},
				"up": {"uv": [9, 1, 11, 3], "texture": "#0"}
			}
		},
		{
			"name": "voxel",
			"from": [0, 6, 6],
			"to": [2, 9, 7],
			"faces": {
				"west": {"uv": [9, 1, 11, 3], "texture": "#0", "cullface": "west"},
				"up": {"uv": [9, 1, 11, 3], "texture": "#0"}
			}
		},
		{
			"name": "voxel",
			"from": [6, 6, 3],
			"to": [10, 14, 4],
			"faces": {
				"up": {"uv": [9, 1, 11, 3], "texture": "#0"}
			}
		},
		{
			"name": "voxel",
			"from": [7, 5, 15],
			"to": [9, 10, 16],
			"faces": {
				"east": {"uv": [9, 1, 11, 3], "texture": "#0"},
				"south": {"uv": [9, 1, 11, 3], "texture": "#0", "cullface": "south"},
				"west": {"uv": [9, 1, 11, 3], "texture": "#0"},
				"down": {"uv": [9, 1, 11, 3], "texture": "#0"}
			}
		},
		{
			"name": "voxel",
			"from": [11, 5, 14],
			"to": [12, 8, 15],
			"faces": {
				"east": {"uv": [9, 1, 11, 3], "texture": "#0"},
				"south": {"uv": [9, 1, 11, 3], "texture": "#0"}
			}
		},
		{
			"name": "voxel",
			"from": [5, 5, 13],
			"to": [6, 8, 15],
			"faces": {
				"south": {"uv": [9, 1, 11, 3], "texture": "#0"}
			}
		},
		{
			"name": "voxel",
			"from": [14, 5, 7],
			"to": [16, 9, 10],
			"faces": {
				"east": {"uv": [9, 1, 11, 3], "texture": "#0", "cullface": "east"},
				"south": {"uv": [9, 1, 11, 3], "texture": "#0"},
				"up": {"uv": [9, 1, 11, 3], "texture": "#0"},
				"down": {"uv": [9, 1, 11, 3], "texture": "#0"}
			}
		},
		{
			"name": "voxel",
			"from": [0, 5, 7],
			"to": [2, 9, 10],
			"faces": {
				"south": {"uv": [9, 1, 11, 3], "texture": "#0"},
				"west": {"uv": [9, 1, 11, 3], "texture": "#0", "cullface": "west"},
				"up": {"uv": [9, 1, 11, 3], "texture": "#0"},
				"down": {"uv": [9, 1, 11, 3], "texture": "#0"}
			}
		},
		{
			"name": "voxel",
			"from": [6, 4, 14],
			"to": [7, 9, 15],
			"faces": {
				"south": {"uv": [9, 1, 11, 3], "texture": "#0"}
			}
		},
		{
			"name": "voxel",
			"from": [10, 4, 12],
			"to": [11, 9, 15],
			"faces": {
				"south": {"uv": [9, 1, 11, 3], "texture": "#0"},
				"down": {"uv": [9, 1, 11, 3], "texture": "#0"}
			}
		},
		{
			"name": "voxel",
			"from": [7, 3, 14],
			"to": [10, 10, 15],
			"faces": {
				"east": {"uv": [9, 1, 11, 3], "texture": "#0"},
				"south": {"uv": [9, 1, 11, 3], "texture": "#0"},
				"down": {"uv": [9, 1, 11, 3], "texture": "#0"}
			}
		},
		{
			"name": "voxel",
			"from": [6, 3, 12],
			"to": [10, 14, 13],
			"faces": {
				"south": {"uv": [9, 1, 11, 3], "texture": "#0"},
				"up": {"uv": [9, 1, 11, 3], "texture": "#0"}
			}
		},
		{
			"name": "voxel",
			"from": [5, 3, 11],
			"to": [7, 14, 12],
			"faces": {
				"up": {"uv": [9, 1, 11, 3], "texture": "#0"}
			}
		},
		{
			"name": "voxel",
			"from": [6, 3, 9],
			"to": [10, 15, 10],
			"faces": {
				"up": {"uv": [9, 1, 11, 3], "texture": "#0"}
			}
		},
		{
			"name": "voxel",
			"from": [7, 15, 8],
			"to": [9, 16, 9],
			"faces": {
				"east": {"uv": [9, 1, 11, 3], "texture": "#0"},
				"south": {"uv": [9, 1, 11, 3], "texture": "#0"},
				"west": {"uv": [9, 1, 11, 3], "texture": "#0"},
				"up": {"uv": [9, 1, 11, 3], "texture": "#0", "cullface": "up"}
			}
		},
		{
			"name": "voxel",
			"from": [10, 2, 2],
			"to": [11, 5, 3],
			"faces": {
				"north": {"uv": [1, 1, 3, 3], "texture": "#0"},
				"east": {"uv": [1, 1, 3, 3], "texture": "#0"},
				"down": {"uv": [1, 1, 3, 3], "texture": "#0"}
			}
		},
		{
			"name": "voxel",
			"from": [6, 1, 2],
			"to": [10, 3, 3],
			"faces": {
				"north": {"uv": [1, 1, 3, 3], "texture": "#0"},
				"east": {"uv": [1, 1, 3, 3], "texture": "#0"},
				"west": {"uv": [1, 1, 3, 3], "texture": "#0"},
				"down": {"uv": [1, 1, 3, 3], "texture": "#0"}
			}
		},
		{
			"name": "voxel",
			"from": [7, 3, 2],
			"to": [9, 5, 3],
			"faces": {
				"north": {"uv": [1, 1, 3, 3], "texture": "#0"}
			}
		},
		{
			"name": "voxel",
			"from": [5, 2, 2],
			"to": [6, 5, 3],
			"faces": {
				"north": {"uv": [1, 1, 3, 3], "texture": "#0"},
				"west": {"uv": [1, 1, 3, 3], "texture": "#0"},
				"down": {"uv": [1, 1, 3, 3], "texture": "#0"}
			}
		},
		{
			"name": "voxel",
			"from": [4, 2, 3],
			"to": [5, 4, 5],
			"faces": {
				"north": {"uv": [1, 1, 3, 3], "texture": "#0"},
				"west": {"uv": [1, 1, 3, 3], "texture": "#0"}
			}
		},
		{
			"name": "voxel",
			"from": [4, 1, 3],
			"to": [6, 2, 5],
			"faces": {
				"north": {"uv": [1, 1, 3, 3], "texture": "#0"},
				"west": {"uv": [1, 1, 3, 3], "texture": "#0"},
				"down": {"uv": [1, 1, 3, 3], "texture": "#0"}
			}
		},
		{
			"name": "voxel",
			"from": [10, 1, 3],
			"to": [12, 2, 4],
			"faces": {
				"north": {"uv": [1, 1, 3, 3], "texture": "#0"},
				"east": {"uv": [1, 1, 3, 3], "texture": "#0"},
				"down": {"uv": [1, 1, 3, 3], "texture": "#0"}
			}
		},
		{
			"name": "voxel",
			"from": [11, 2, 3],
			"to": [12, 4, 4],
			"faces": {
				"north": {"uv": [1, 1, 3, 3], "texture": "#0"},
				"east": {"uv": [1, 1, 3, 3], "texture": "#0"}
			}
		},
		{
			"name": "voxel",
			"from": [11, 2, 5],
			"to": [13, 3, 6],
			"faces": {
				"north": {"uv": [1, 1, 3, 3], "texture": "#0"},
				"east": {"uv": [1, 1, 3, 3], "texture": "#0"},
				"down": {"uv": [1, 1, 3, 3], "texture": "#0"}
			}
		},
		{
			"name": "voxel",
			"from": [12, 3, 4],
			"to": [13, 4, 7],
			"faces": {
				"north": {"uv": [1, 1, 3, 3], "texture": "#0"},
				"east": {"uv": [1, 1, 3, 3], "texture": "#0"},
				"down": {"uv": [1, 1, 3, 3], "texture": "#0"}
			}
		},
		{
			"name": "voxel",
			"from": [13, 3, 5],
			"to": [14, 5, 6],
			"faces": {
				"north": {"uv": [1, 1, 3, 3], "texture": "#0"},
				"east": {"uv": [1, 1, 3, 3], "texture": "#0"},
				"down": {"uv": [1, 1, 3, 3], "texture": "#0"}
			}
		},
		{
			"name": "voxel",
			"from": [12, 1, 6],
			"to": [13, 3, 8],
			"faces": {
				"north": {"uv": [1, 1, 3, 3], "texture": "#0"},
				"east": {"uv": [1, 1, 3, 3], "texture": "#0"},
				"south": {"uv": [1, 1, 3, 3], "texture": "#0"},
				"down": {"uv": [1, 1, 3, 3], "texture": "#0"}
			}
		},
		{
			"name": "voxel",
			"from": [11, 0, 5],
			"to": [12, 2, 7],
			"faces": {
				"north": {"uv": [1, 1, 3, 3], "texture": "#0"},
				"east": {"uv": [1, 1, 3, 3], "texture": "#0"},
				"down": {"uv": [1, 1, 3, 3], "texture": "#0", "cullface": "down"}
			}
		},
		{
			"name": "voxel",
			"from": [10, 0, 4],
			"to": [11, 1, 10],
			"faces": {
				"north": {"uv": [1, 1, 3, 3], "texture": "#0"},
				"east": {"uv": [1, 1, 3, 3], "texture": "#0"},
				"south": {"uv": [1, 1, 3, 3], "texture": "#0"},
				"down": {"uv": [1, 1, 3, 3], "texture": "#0", "cullface": "down"}
			}
		},
		{
			"name": "voxel",
			"from": [11, 0, 7],
			"to": [12, 1, 8],
			"faces": {
				"east": {"uv": [1, 1, 3, 3], "texture": "#0"},
				"south": {"uv": [1, 1, 3, 3], "texture": "#0"},
				"down": {"uv": [1, 1, 3, 3], "texture": "#0", "cullface": "down"}
			}
		},
		{
			"name": "voxel",
			"from": [11, 1, 8],
			"to": [12, 5, 10],
			"faces": {
				"east": {"uv": [1, 1, 3, 3], "texture": "#0"},
				"south": {"uv": [1, 1, 3, 3], "texture": "#0"},
				"down": {"uv": [1, 1, 3, 3], "texture": "#0"}
			}
		},
		{
			"name": "voxel",
			"from": [12, 2, 8],
			"to": [13, 4, 10],
			"faces": {
				"down": {"uv": [1, 1, 3, 3], "texture": "#0"}
			}
		},
		{
			"name": "voxel",
			"from": [11, 2, 10],
			"to": [12, 3, 11],
			"faces": {
				"down": {"uv": [1, 1, 3, 3], "texture": "#0"}
			}
		},
		{
			"name": "voxel",
			"from": [6, 1, 9],
			"to": [11, 3, 11],
			"faces": {
				"east": {"uv": [1, 1, 3, 3], "texture": "#0"},
				"south": {"uv": [1, 1, 3, 3], "texture": "#0"},
				"down": {"uv": [1, 1, 3, 3], "texture": "#0"}
			}
		},
		{
			"name": "voxel",
			"from": [6, 0, 3],
			"to": [10, 1, 10],
			"faces": {
				"north": {"uv": [1, 1, 3, 3], "texture": "#0"},
				"east": {"uv": [1, 1, 3, 3], "texture": "#0"},
				"south": {"uv": [1, 1, 3, 3], "texture": "#0"},
				"west": {"uv": [1, 1, 3, 3], "texture": "#0"},
				"down": {"uv": [1, 1, 3, 3], "texture": "#0", "cullface": "down"}
			}
		},
		{
			"name": "voxel",
			"from": [5, 0, 4],
			"to": [6, 1, 10],
			"faces": {
				"north": {"uv": [1, 1, 3, 3], "texture": "#0"},
				"south": {"uv": [1, 1, 3, 3], "texture": "#0"},
				"west": {"uv": [1, 1, 3, 3], "texture": "#0"},
				"down": {"uv": [1, 1, 3, 3], "texture": "#0", "cullface": "down"}
			}
		},
		{
			"name": "voxel",
			"from": [5, 1, 10],
			"to": [6, 4, 11],
			"faces": {
				"south": {"uv": [1, 1, 3, 3], "texture": "#0"},
				"west": {"uv": [1, 1, 3, 3], "texture": "#0"},
				"down": {"uv": [1, 1, 3, 3], "texture": "#0"}
			}
		},
		{
			"name": "voxel",
			"from": [4, 2, 10],
			"to": [5, 3, 11],
			"faces": {
				"down": {"uv": [1, 1, 3, 3], "texture": "#0"}
			}
		},
		{
			"name": "voxel",
			"from": [4, 1, 8],
			"to": [6, 3, 10],
			"faces": {
				"south": {"uv": [1, 1, 3, 3], "texture": "#0"},
				"west": {"uv": [1, 1, 3, 3], "texture": "#0"},
				"down": {"uv": [1, 1, 3, 3], "texture": "#0"}
			}
		},
		{
			"name": "voxel",
			"from": [4, 0, 5],
			"to": [5, 1, 8],
			"faces": {
				"north": {"uv": [1, 1, 3, 3], "texture": "#0"},
				"south": {"uv": [1, 1, 3, 3], "texture": "#0"},
				"west": {"uv": [1, 1, 3, 3], "texture": "#0"},
				"down": {"uv": [1, 1, 3, 3], "texture": "#0", "cullface": "down"}
			}
		},
		{
			"name": "voxel",
			"from": [3, 1, 6],
			"to": [4, 3, 8],
			"faces": {
				"north": {"uv": [1, 1, 3, 3], "texture": "#0"},
				"south": {"uv": [1, 1, 3, 3], "texture": "#0"},
				"west": {"uv": [1, 1, 3, 3], "texture": "#0"},
				"down": {"uv": [1, 1, 3, 3], "texture": "#0"}
			}
		},
		{
			"name": "voxel",
			"from": [3, 2, 8],
			"to": [4, 4, 10],
			"faces": {
				"down": {"uv": [1, 1, 3, 3], "texture": "#0"}
			}
		},
		{
			"name": "voxel",
			"from": [3, 2, 4],
			"to": [4, 3, 6],
			"faces": {
				"north": {"uv": [1, 1, 3, 3], "texture": "#0"},
				"west": {"uv": [1, 1, 3, 3], "texture": "#0"},
				"down": {"uv": [1, 1, 3, 3], "texture": "#0"}
			}
		},
		{
			"name": "voxel",
			"from": [3, 3, 4],
			"to": [4, 4, 5],
			"faces": {
				"north": {"uv": [1, 1, 3, 3], "texture": "#0"},
				"west": {"uv": [1, 1, 3, 3], "texture": "#0"}
			}
		},
		{
			"name": "voxel",
			"from": [2, 3, 5],
			"to": [3, 4, 6],
			"faces": {
				"north": {"uv": [1, 1, 3, 3], "texture": "#0"},
				"west": {"uv": [1, 1, 3, 3], "texture": "#0"},
				"down": {"uv": [1, 1, 3, 3], "texture": "#0"}
			}
		},
		{
			"name": "voxel",
			"from": [11, 1, 4],
			"to": [12, 3, 5],
			"faces": {
				"east": {"uv": [1, 1, 3, 3], "texture": "#0"},
				"down": {"uv": [1, 1, 3, 3], "texture": "#0"}
			}
		},
		{
			"name": "voxel",
			"from": [4, 1, 5],
			"to": [5, 4, 6],
			"faces": {
				"west": {"uv": [1, 1, 3, 3], "texture": "#0"}
			}
		},
		{
			"name": "voxel",
			"from": [9, 3, 2],
			"to": [10, 5, 3],
			"faces": {
				"north": {"uv": [13, 1, 15, 3], "texture": "#0"}
			}
		},
		{
			"name": "voxel",
			"from": [6, 3, 2],
			"to": [7, 5, 3],
			"faces": {
				"north": {"uv": [13, 1, 15, 3], "texture": "#0"}
			}
		}
	],
	"display": {
		"thirdperson_righthand": {
			"rotation": [80, 0, 0],
			"translation": [0, 1, 1],
			"scale": [0.3, 0.3, 0.3]
		},
		"thirdperson_lefthand": {
			"rotation": [80, 0, 0],
			"translation": [0, 1, 1],
			"scale": [0.3, 0.3, 0.3]
		},
		"firstperson_righthand": {
			"rotation": [-31, 143, 10],
			"translation": [-1.5, 4.5, 2],
			"scale": [0.4, 0.4, 0.4]
		},
		"firstperson_lefthand": {
			"rotation": [-31, 143, 10],
			"translation": [-1.5, 4.5, 2],
			"scale": [0.4, 0.4, 0.4]
		},
		"ground": {
			"translation": [0, 3, 0],
			"scale": [0.3, 0.3, 0.3]
		},
		"gui": {
			"rotation": [-10, 168, 0],
			"scale": [0.6, 0.6, 0.6]
		},
		"head": {
			"translation": [0, 4.75, 2.75],
			"scale": [2, 2, 2]
		},
		"fixed": {
			"rotation": [-90, 0, 0],
			"translation": [0, 0, -8]
		}
	},
	"groups": [
		{
			"name": "voxel_file",
			"origin": [8, 8, 8],
			"color": 0,
			"children": [
				{
					"name": "Mushroom Head",
					"origin": [0, 0, 0],
					"color": 3,
					"children": [
						0,
						1,
						2,
						3,
						4,
						5,
						6,
						7,
						8,
						9,
						10,
						11,
						12,
						13,
						14,
						15,
						16,
						17,
						18,
						19,
						20,
						21,
						22,
						23,
						24,
						25,
						26,
						27,
						28,
						29,
						30,
						31,
						32,
						33,
						34,
						35,
						36,
						37,
						38,
						39,
						40,
						41,
						42,
						43,
						44,
						45,
						46,
						47,
						48,
						49,
						50,
						51,
						52,
						53,
						54,
						55,
						56,
						57,
						58,
						59,
						60,
						61,
						62,
						63,
						64,
						65,
						66,
						67,
						68,
						69,
						70,
						71,
						72,
						73,
						74,
						75,
						76,
						77,
						78,
						79,
						80,
						81,
						82,
						83,
						84,
						85,
						86,
						87,
						88,
						89,
						90,
						91,
						92,
						93,
						94,
						95,
						96,
						97,
						98,
						99,
						100,
						101,
						102,
						103,
						104,
						105,
						106,
						107,
						108,
						109,
						110,
						111,
						112,
						113,
						114,
						115,
						116,
						117,
						118,
						119,
						120,
						121,
						122,
						123,
						124,
						125,
						126,
						127,
						128,
						129,
						130,
						131
					]
				},
				{
					"name": "Mushroom Spots",
					"origin": [0, 0, 0],
					"color": 0,
					"children": [
						132,
						133,
						134,
						135,
						136,
						137,
						138,
						139,
						140,
						141,
						142,
						143,
						144,
						145,
						146,
						147,
						148,
						149,
						150,
						151,
						152,
						153,
						154,
						155,
						156,
						157,
						158,
						159,
						160,
						161,
						162,
						163,
						164,
						165,
						166,
						167,
						168,
						169,
						170,
						171,
						172,
						173,
						174,
						175,
						176,
						177,
						178,
						179,
						180,
						181,
						182,
						183,
						184,
						185,
						186,
						187,
						188,
						189
					]
				},
				{
					"name": "Mushroom Face",
					"origin": [0, 0, 0],
					"color": 0,
					"children": [190, 191, 192, 193, 194, 195, 196, 197, 198, 199, 200, 201, 202, 203, 204, 205, 206, 207, 208, 209, 210, 211, 212, 213, 214, 215, 216, 217, 218, 219, 220, 221, 222, 223]
				}
			]
		}
	]
}