{
	"credit": "Made with Blockbench",
	"texture_size": [64, 64],
	"textures": {
		"0": "item/hgg_smp/cosmetics/csm_kakugan",
		"particle": "item/hgg_smp/cosmetics/csm_kakugan"
	},
	"elements": [
		{
			"from": [6, 0, 8],
			"to": [10, 4, 8],
			"faces": {
				"north": {"uv": [0, 0, 16, 16], "texture": "#0"},
				"east": {"uv": [14, 15, 15, 16], "texture": "#0"},
				"south": {"uv": [15, 15, 16, 16], "texture": "#0"},
				"west": {"uv": [12, 15, 13, 16], "texture": "#0"},
				"up": {"uv": [14, 16, 13, 15], "texture": "#0"},
				"down": {"uv": [12, 15, 11, 16], "texture": "#0"}
			}
		}
	],
	"display": {
		"head": {
			"translation": [-3, 11.5, -6.5],
			"scale": [2, 2, 2]
		}
	}
}