{
    "providers": [
        {
            "type": "reference",
            "id": "minecraft:include/space"
        },
        {
            "type": "reference",
            "id": "minecraft:include/default"
        },
        {
            "type": "reference",
            "id": "minecraft:include/unifont"
        },
		{
            "type": "bitmap",
            "file": "minecraft:item/gui_textures/rank_bronze.png",
            "ascent": 9,
            "height": 11,
            "chars": [ "\uE000" ]
        },
		{
            "type": "bitmap",
            "file": "minecraft:item/gui_textures/rank_silver.png",
            "ascent": 9,
            "height": 11,
            "chars": [ "\uE001" ]
        },
		{
            "type": "bitmap",
            "file": "minecraft:item/gui_textures/rank_gold.png",
            "ascent": 9,
            "height": 11,
            "chars": [ "\uE002" ]
        },
		{
            "type": "bitmap",
            "file": "minecraft:item/gui_textures/rank_diamond.png",
            "ascent": 9,
            "height": 11,
            "chars": [ "\uE003" ]
        },
		{
            "type": "bitmap",
            "file": "minecraft:item/gui_textures/staff_guest.png",
            "ascent": 9,
            "height": 11,
            "chars": [ "\uE004" ]
        },
		{
            "type": "bitmap",
            "file": "minecraft:item/gui_textures/staff_helper.png",
            "ascent": 9,
            "height": 11,
            "chars": [ "\uE005" ]
        },
		{
            "type": "bitmap",
            "file": "minecraft:item/gui_textures/staff_moderator.png",
            "ascent": 9,
            "height": 11,
            "chars": [ "\uE006" ]
        },
		{
            "type": "bitmap",
            "file": "minecraft:item/gui_textures/staff_mngr.png",
            "ascent": 9,
            "height": 11,
            "chars": [ "\uE007" ]
        },
		{
            "type": "bitmap",
            "file": "minecraft:item/gui_textures/staff_admin.png",
            "ascent": 9,
            "height": 11,
            "chars": [ "\uE008" ]
        },
		{
            "type": "bitmap",
            "file": "minecraft:item/gui_textures/staff_owner.png",
            "ascent": 9,
            "height": 11,
            "chars": [ "\uE009" ]
        }
    ]
}
